model	objective	gene	status	value
./model.xml	obj	G_PA14_00060	optimal	1.5908505726730064
./model.xml	obj	G_PA14_00070	optimal	0.0
./model.xml	obj	G_PA14_00120	optimal	1.5908505726730062
./model.xml	obj	G_PA14_00170	optimal	1.5908505726730062
./model.xml	obj	G_PA14_00250	optimal	1.5908505726730169
./model.xml	obj	G_PA14_00280	optimal	1.5908505726730091
./model.xml	obj	G_PA14_00290	optimal	1.5908505726730273
./model.xml	obj	G_PA14_00340	optimal	1.5908505726730215
./model.xml	obj	G_PA14_00360	optimal	1.5908505726730215
./model.xml	obj	G_PA14_00380	optimal	1.5908505726730215
./model.xml	obj	G_PA14_00440	optimal	1.590850572673076
./model.xml	obj	G_PA14_00450	optimal	1.590850572673076
./model.xml	obj	G_PA14_00640	optimal	1.5908505726730224
./model.xml	obj	G_PA14_01240	optimal	1.5908505726730091
./model.xml	obj	G_PA14_01290	optimal	1.3635023306433787
./model.xml	obj	G_PA14_01300	optimal	1.3635023306433787
./model.xml	obj	G_PA14_01310	optimal	1.3635023306433787
./model.xml	obj	G_PA14_01320	optimal	1.3635023306433787
./model.xml	obj	G_PA14_01380	optimal	1.5908505726730084
./model.xml	obj	G_PA14_01460	optimal	1.590850572673017
./model.xml	obj	G_PA14_01580	optimal	1.5908505726730207
./model.xml	obj	G_PA14_01600	optimal	1.433622289772684
./model.xml	obj	G_PA14_01620	optimal	1.4336222897727038
./model.xml	obj	G_PA14_01660	optimal	1.5908505726730202
./model.xml	obj	G_PA14_01710	optimal	1.590850572673017
./model.xml	obj	G_PA14_01760	optimal	1.5908505726730091
./model.xml	obj	G_PA14_01770	optimal	1.5908505726730247
./model.xml	obj	G_PA14_01830	optimal	1.590850572673004
./model.xml	obj	G_PA14_01900	optimal	1.5908505726730124
./model.xml	obj	G_PA14_01910	optimal	1.5908505726730124
./model.xml	obj	G_PA14_02020	optimal	1.5734759762847355
./model.xml	obj	G_PA14_02060	optimal	1.5908505726730247
./model.xml	obj	G_PA14_02070	optimal	1.5908505726730169
./model.xml	obj	G_PA14_02110	optimal	1.5908505726730198
./model.xml	obj	G_PA14_02330	optimal	1.590850572673035
./model.xml	obj	G_PA14_02340	optimal	1.5908505726730062
./model.xml	obj	G_PA14_02450	optimal	1.590850572672988
./model.xml	obj	G_PA14_02460	optimal	1.590850572672988
./model.xml	obj	G_PA14_02470	optimal	1.590850572672988
./model.xml	obj	G_PA14_02550	optimal	1.5908505726730202
./model.xml	obj	G_PA14_02570	optimal	1.5908505726730202
./model.xml	obj	G_PA14_02580	optimal	1.590850572673052
./model.xml	obj	G_PA14_02590	optimal	1.590850572673052
./model.xml	obj	G_PA14_02620	optimal	1.5908505726730306
./model.xml	obj	G_PA14_02630	optimal	1.5908505726730222
./model.xml	obj	G_PA14_02640	optimal	1.5908505726730222
./model.xml	obj	G_PA14_02680	optimal	1.5908505726730349
./model.xml	obj	G_PA14_02790	optimal	1.5908505726730224
./model.xml	obj	G_PA14_02810	optimal	1.5908505726730071
./model.xml	obj	G_PA14_02830	optimal	1.590850572672965
./model.xml	obj	G_PA14_02840	optimal	1.5908505726729945
./model.xml	obj	G_PA14_02850	optimal	1.5908505726730071
./model.xml	obj	G_PA14_02900	optimal	1.5908505726730104
./model.xml	obj	G_PA14_02930	optimal	1.5908505726730209
./model.xml	obj	G_PA14_02980	optimal	1.5908505726730202
./model.xml	obj	G_PA14_03000	optimal	1.5908505726730107
./model.xml	obj	G_PA14_03020	optimal	1.5908505726730349
./model.xml	obj	G_PA14_03030	optimal	1.5908505726730107
./model.xml	obj	G_PA14_03050	optimal	1.5908505726730071
./model.xml	obj	G_PA14_03130	optimal	1.5908505726730349
./model.xml	obj	G_PA14_03330	optimal	1.5908505726730084
./model.xml	obj	G_PA14_03430	optimal	1.5875364359284736
./model.xml	obj	G_PA14_03450	optimal	1.5875364359284836
./model.xml	obj	G_PA14_03550	optimal	1.5908505726730349
./model.xml	obj	G_PA14_03590	optimal	1.5908505726730104
./model.xml	obj	G_PA14_03650	optimal	1.5908505726730293
./model.xml	obj	G_PA14_03670	optimal	1.5908505726730293
./model.xml	obj	G_PA14_03680	optimal	1.5908505726730293
./model.xml	obj	G_PA14_03700	optimal	1.5908505726730293
./model.xml	obj	G_PA14_03770	optimal	1.5908505726730187
./model.xml	obj	G_PA14_03800	optimal	1.5908505726730047
./model.xml	obj	G_PA14_03810	optimal	1.5908505726730298
./model.xml	obj	G_PA14_03830	optimal	1.5908505726730169
./model.xml	obj	G_PA14_03870	optimal	1.590850572673012
./model.xml	obj	G_PA14_03880	optimal	1.5908505726730349
./model.xml	obj	G_PA14_03900	optimal	1.5908505726730349
./model.xml	obj	G_PA14_03920	optimal	1.590850572694206
./model.xml	obj	G_PA14_03930	optimal	1.5908505726730173
./model.xml	obj	G_PA14_03940	optimal	1.5908505726730173
./model.xml	obj	G_PA14_03950	optimal	1.5908505726730173
./model.xml	obj	G_PA14_03960	optimal	1.5908505726730173
./model.xml	obj	G_PA14_04080	optimal	1.5908505726730369
./model.xml	obj	G_PA14_04090	optimal	1.5908505726730369
./model.xml	obj	G_PA14_04110	optimal	1.5908505726729998
./model.xml	obj	G_PA14_04210	optimal	1.5908505726730349
./model.xml	obj	G_PA14_04220	optimal	1.5908505726730349
./model.xml	obj	G_PA14_04230	optimal	1.5908505726730173
./model.xml	obj	G_PA14_04240	optimal	1.5908505726730349
./model.xml	obj	G_PA14_04250	optimal	1.5908505726730173
./model.xml	obj	G_PA14_04310	optimal	1.1436324469844785
./model.xml	obj	G_PA14_04320	optimal	1.5908505726730273
./model.xml	obj	G_PA14_04380	optimal	1.5908505726730169
./model.xml	obj	G_PA14_04410	optimal	1.590850572673004
./model.xml	obj	G_PA14_04420	optimal	1.5908505726730306
./model.xml	obj	G_PA14_04480	optimal	0.0
./model.xml	obj	G_PA14_04550	optimal	1.5908505726730091
./model.xml	obj	G_PA14_04580	optimal	0.0
./model.xml	obj	G_PA14_04610	optimal	1.590850572673016
./model.xml	obj	G_PA14_04630	optimal	1.577930657075796
./model.xml	obj	G_PA14_04760	optimal	0.0
./model.xml	obj	G_PA14_04780	optimal	1.5908505726730187
./model.xml	obj	G_PA14_04950	optimal	1.5908505726730198
./model.xml	obj	G_PA14_04980	optimal	0.0
./model.xml	obj	G_PA14_05050	optimal	1.590850572672991
./model.xml	obj	G_PA14_05070	optimal	1.5908505726730215
./model.xml	obj	G_PA14_05080	optimal	1.5908505726730215
./model.xml	obj	G_PA14_05150	optimal	1.590850572673012
./model.xml	obj	G_PA14_05200	optimal	1.5908505726730175
./model.xml	obj	G_PA14_05220	optimal	1.59003350250792
./model.xml	obj	G_PA14_05230	optimal	1.5908505726730369
./model.xml	obj	G_PA14_05250	optimal	1.590850572673025
./model.xml	obj	G_PA14_05260	optimal	1.59085057267304
./model.xml	obj	G_PA14_05270	optimal	1.5908505726730084
./model.xml	obj	G_PA14_05310	optimal	1.5908505726730091
./model.xml	obj	G_PA14_05460	optimal	1.5908505726730298
./model.xml	obj	G_PA14_05530	optimal	1.5908505726730091
./model.xml	obj	G_PA14_05540	optimal	1.5908505726730091
./model.xml	obj	G_PA14_05550	optimal	1.5908505726730204
./model.xml	obj	G_PA14_05590	optimal	0.0
./model.xml	obj	G_PA14_05600	optimal	1.590850572673004
./model.xml	obj	G_PA14_05620	optimal	-1.2830291040373057e-12
./model.xml	obj	G_PA14_05690	optimal	1.4961187423679365
./model.xml	obj	G_PA14_05700	optimal	1.5908505726711977
./model.xml	obj	G_PA14_05740	optimal	1.4336179933546513
./model.xml	obj	G_PA14_05750	optimal	1.4336179933546391
./model.xml	obj	G_PA14_05770	optimal	1.4336179933534154
./model.xml	obj	G_PA14_05790	optimal	1.5908505726951587
./model.xml	obj	G_PA14_05810	optimal	1.4336179933546478
./model.xml	obj	G_PA14_05840	optimal	1.5875364359284843
./model.xml	obj	G_PA14_05870	optimal	1.5908505726730062
./model.xml	obj	G_PA14_06230	optimal	1.5908505726730258
./model.xml	obj	G_PA14_06290	optimal	1.590850572673052
./model.xml	obj	G_PA14_06500	optimal	1.590850572673035
./model.xml	obj	G_PA14_06510	optimal	1.5908505726730102
./model.xml	obj	G_PA14_06570	optimal	1.5908505726730298
./model.xml	obj	G_PA14_06600	optimal	1.5908505726933424
./model.xml	obj	G_PA14_06660	optimal	1.5908505726730273
./model.xml	obj	G_PA14_06730	optimal	1.5908505726730169
./model.xml	obj	G_PA14_06740	optimal	1.5908505726730306
./model.xml	obj	G_PA14_06750	optimal	1.5908505726730306
./model.xml	obj	G_PA14_06810	optimal	1.5908505726730306
./model.xml	obj	G_PA14_06830	optimal	1.5908505726730306
./model.xml	obj	G_PA14_06840	optimal	1.5908505726730306
./model.xml	obj	G_PA14_06920	optimal	1.590850572673004
./model.xml	obj	G_PA14_06960	optimal	1.5908505726730062
./model.xml	obj	G_PA14_07090	optimal	0.0
./model.xml	obj	G_PA14_07130	optimal	-7.572533615258776e-14
./model.xml	obj	G_PA14_07170	optimal	1.590850572673011
./model.xml	obj	G_PA14_07190	optimal	1.5616831750422462
./model.xml	obj	G_PA14_07230	optimal	1.5908505726730047
./model.xml	obj	G_PA14_07580	optimal	1.5908505726730222
./model.xml	obj	G_PA14_07590	optimal	0.0
./model.xml	obj	G_PA14_07600	optimal	1.5908505726730349
./model.xml	obj	G_PA14_07690	optimal	1.5908505726730298
./model.xml	obj	G_PA14_07700	optimal	1.5908505726730222
./model.xml	obj	G_PA14_07740	optimal	1.5908505726730122
./model.xml	obj	G_PA14_07770	optimal	1.5908505726730082
./model.xml	obj	G_PA14_07850	optimal	1.5908505726730349
./model.xml	obj	G_PA14_07860	optimal	1.5908505726730173
./model.xml	obj	G_PA14_07870	optimal	1.5908505726730173
./model.xml	obj	G_PA14_07890	optimal	1.5908505726730173
./model.xml	obj	G_PA14_07900	optimal	1.5908505726730173
./model.xml	obj	G_PA14_07910	optimal	-2.1369335534353626e-15
./model.xml	obj	G_PA14_07930	optimal	1.5908505726730084
./model.xml	obj	G_PA14_07940	optimal	1.5908505726730222
./model.xml	obj	G_PA14_08340	optimal	1.5908505726730222
./model.xml	obj	G_PA14_08350	optimal	1.5908505726730222
./model.xml	obj	G_PA14_08360	optimal	1.5908505726730215
./model.xml	obj	G_PA14_08390	optimal	1.5908505726730247
./model.xml	obj	G_PA14_08400	optimal	1.5908505726851185
./model.xml	obj	G_PA14_08480	optimal	1.5908505726730064
./model.xml	obj	G_PA14_08520	optimal	1.5908505726730222
./model.xml	obj	G_PA14_08560	optimal	1.5908505726730102
./model.xml	obj	G_PA14_08620	optimal	1.5908505726730349
./model.xml	obj	G_PA14_08630	optimal	-1.4361725421205071e-11
./model.xml	obj	G_PA14_09150	optimal	1.5908505726730062
./model.xml	obj	G_PA14_09180	optimal	1.5908505726730258
./model.xml	obj	G_PA14_09210	optimal	1.5908505726730215
./model.xml	obj	G_PA14_09220	optimal	1.5908505726730187
./model.xml	obj	G_PA14_09230	optimal	1.590850572673019
./model.xml	obj	G_PA14_09240	optimal	1.5908505726730235
./model.xml	obj	G_PA14_09270	optimal	1.5908505726730187
./model.xml	obj	G_PA14_09280	optimal	1.5908505726730187
./model.xml	obj	G_PA14_09290	optimal	1.5908505726730187
./model.xml	obj	G_PA14_09400	optimal	1.5908505726730187
./model.xml	obj	G_PA14_09410	optimal	1.5908505726730091
./model.xml	obj	G_PA14_09420	optimal	1.5908505726730091
./model.xml	obj	G_PA14_09440	optimal	1.5908505726730187
./model.xml	obj	G_PA14_09450	optimal	1.5908505726730215
./model.xml	obj	G_PA14_09460	optimal	1.590850572694206
./model.xml	obj	G_PA14_09470	optimal	1.5908505726730091
./model.xml	obj	G_PA14_09480	optimal	1.5908505726730091
./model.xml	obj	G_PA14_09490	optimal	1.5908505726730187
./model.xml	obj	G_PA14_09500	optimal	1.5908505726730306
./model.xml	obj	G_PA14_09520	optimal	1.5908505726730306
./model.xml	obj	G_PA14_09530	optimal	1.5908505726730306
./model.xml	obj	G_PA14_09540	optimal	1.5908505726730306
./model.xml	obj	G_PA14_09550	optimal	1.5908505726730062
./model.xml	obj	G_PA14_09600	optimal	1.5908505726730349
./model.xml	obj	G_PA14_09710	optimal	1.5908505726730258
./model.xml	obj	G_PA14_09820	optimal	1.590850572673004
./model.xml	obj	G_PA14_09970	optimal	1.5908505726730298
./model.xml	obj	G_PA14_09980	optimal	1.5908505726730258
./model.xml	obj	G_PA14_10140	optimal	1.5908505726730047
./model.xml	obj	G_PA14_10160	optimal	1.5908505726730047
./model.xml	obj	G_PA14_10170	optimal	1.5908505726730047
./model.xml	obj	G_PA14_10180	optimal	1.5908505726730047
./model.xml	obj	G_PA14_10230	optimal	1.590850572673035
./model.xml	obj	G_PA14_10240	optimal	1.5908505726729945
./model.xml	obj	G_PA14_10250	optimal	1.5908505726730082
./model.xml	obj	G_PA14_10260	optimal	1.5908505726730204
./model.xml	obj	G_PA14_10270	optimal	1.5908505726730306
./model.xml	obj	G_PA14_10280	optimal	1.5908505726730091
./model.xml	obj	G_PA14_10420	optimal	1.5908505726730349
./model.xml	obj	G_PA14_10440	optimal	1.590850572673012
./model.xml	obj	G_PA14_10490	optimal	1.5908505726730169
./model.xml	obj	G_PA14_10500	optimal	1.5908505726730169
./model.xml	obj	G_PA14_10550	optimal	1.5908505726730222
./model.xml	obj	G_PA14_10570	optimal	1.5908505726730071
./model.xml	obj	G_PA14_10590	optimal	1.5908505726730104
./model.xml	obj	G_PA14_10600	optimal	1.5908505726730104
./model.xml	obj	G_PA14_10610	optimal	1.5908505726730091
./model.xml	obj	G_PA14_10620	optimal	1.590850572673025
./model.xml	obj	G_PA14_10630	optimal	1.5908505726730091
./model.xml	obj	G_PA14_10640	optimal	1.5908505726730084
./model.xml	obj	G_PA14_10650	optimal	1.5908505726730084
./model.xml	obj	G_PA14_10750	optimal	1.5908505726730222
./model.xml	obj	G_PA14_10790	optimal	1.5908505726730087
./model.xml	obj	G_PA14_10850	optimal	1.5908505726730215
./model.xml	obj	G_PA14_10890	optimal	1.5908505726730118
./model.xml	obj	G_PA14_10900	optimal	1.5908505726730349
./model.xml	obj	G_PA14_10990	optimal	1.5908505726730104
./model.xml	obj	G_PA14_11000	optimal	1.5908505726730104
./model.xml	obj	G_PA14_11030	optimal	1.5908505726729996
./model.xml	obj	G_PA14_11130	optimal	1.5908505726730187
./model.xml	obj	G_PA14_11190	optimal	1.5908505726730349
./model.xml	obj	G_PA14_11250	optimal	1.5908505726730306
./model.xml	obj	G_PA14_11260	optimal	0.0
./model.xml	obj	G_PA14_11340	optimal	1.5908505726730147
./model.xml	obj	G_PA14_11400	optimal	1.5908505726730222
./model.xml	obj	G_PA14_11410	optimal	1.5908505726730173
./model.xml	obj	G_PA14_11420	optimal	1.5908505726730204
./model.xml	obj	G_PA14_11430	optimal	1.5908505726730173
./model.xml	obj	G_PA14_11460	optimal	1.3493689659238352e-29
./model.xml	obj	G_PA14_11470	optimal	2.546172452692373e-15
./model.xml	obj	G_PA14_11510	optimal	1.5908505726730091
./model.xml	obj	G_PA14_11530	optimal	1.5908505726730298
./model.xml	obj	G_PA14_11550	optimal	9.774517160684177e-16
./model.xml	obj	G_PA14_11560	optimal	0.0
./model.xml	obj	G_PA14_11660	optimal	1.5908505726730091
./model.xml	obj	G_PA14_11690	optimal	-9.910495110506623e-12
./model.xml	obj	G_PA14_11760	optimal	1.5908505726730047
./model.xml	obj	G_PA14_11770	optimal	1.5908505726730047
./model.xml	obj	G_PA14_11790	optimal	1.5908505726730169
./model.xml	obj	G_PA14_11810	optimal	1.5908505726730258
./model.xml	obj	G_PA14_11845	optimal	1.590850572673041
./model.xml	obj	G_PA14_11860	optimal	0.0
./model.xml	obj	G_PA14_12010	optimal	1.5908505726730022
./model.xml	obj	G_PA14_12020	optimal	1.590850572672991
./model.xml	obj	G_PA14_12060	optimal	1.590850572673052
./model.xml	obj	G_PA14_12080	optimal	1.5908505726730306
./model.xml	obj	G_PA14_12100	optimal	1.590850572673052
./model.xml	obj	G_PA14_12120	optimal	1.5908505726730182
./model.xml	obj	G_PA14_12130	optimal	1.590850572673021
./model.xml	obj	G_PA14_12230	optimal	1.5908505726730102
./model.xml	obj	G_PA14_12300	optimal	1.5908505726730169
./model.xml	obj	G_PA14_12390	optimal	1.5908505726729996
./model.xml	obj	G_PA14_12400	optimal	0.0
./model.xml	obj	G_PA14_12410	optimal	0.0
./model.xml	obj	G_PA14_12490	optimal	1.5908505726730222
./model.xml	obj	G_PA14_12610	optimal	1.5908505726730175
./model.xml	obj	G_PA14_12710	optimal	1.5908505726730306
./model.xml	obj	G_PA14_12870	optimal	1.5908505726730047
./model.xml	obj	G_PA14_12890	optimal	1.5908505726730349
./model.xml	obj	G_PA14_12920	optimal	1.590850572673035
./model.xml	obj	G_PA14_12940	optimal	1.590850572673035
./model.xml	obj	G_PA14_12960	optimal	1.590850572673035
./model.xml	obj	G_PA14_12970	optimal	1.5908505726730293
./model.xml	obj	G_PA14_12990	optimal	1.5908505726730215
./model.xml	obj	G_PA14_13030	optimal	1.5908505726730169
./model.xml	obj	G_PA14_13040	optimal	1.5908505726730169
./model.xml	obj	G_PA14_13110	optimal	1.5908505726730349
./model.xml	obj	G_PA14_13170	optimal	1.5908505726730204
./model.xml	obj	G_PA14_13230	optimal	1.5908505726730091
./model.xml	obj	G_PA14_13240	optimal	1.5908505726730198
./model.xml	obj	G_PA14_13250	optimal	1.5908505726730198
./model.xml	obj	G_PA14_13290	optimal	1.5908505726730306
./model.xml	obj	G_PA14_13300	optimal	1.5908505726730306
./model.xml	obj	G_PA14_13330	optimal	1.590850572694206
./model.xml	obj	G_PA14_13430	optimal	1.5908505726730047
./model.xml	obj	G_PA14_13500	optimal	1.5908505726730087
./model.xml	obj	G_PA14_13580	optimal	1.5908505726730215
./model.xml	obj	G_PA14_13590	optimal	1.5908505726730215
./model.xml	obj	G_PA14_13600	optimal	1.5908505726730215
./model.xml	obj	G_PA14_13610	optimal	1.5908505726730215
./model.xml	obj	G_PA14_13620	optimal	1.590850572672988
./model.xml	obj	G_PA14_13750	optimal	1.5908505726730306
./model.xml	obj	G_PA14_13770	optimal	1.5908505726730306
./model.xml	obj	G_PA14_13780	optimal	1.5908505726730306
./model.xml	obj	G_PA14_13800	optimal	1.5908505726730306
./model.xml	obj	G_PA14_13810	optimal	1.5908505726730306
./model.xml	obj	G_PA14_13830	optimal	1.5908505726730306
./model.xml	obj	G_PA14_13850	optimal	1.5908505726730306
./model.xml	obj	G_PA14_14010	optimal	1.5908505726730062
./model.xml	obj	G_PA14_14020	optimal	1.5908505726729945
./model.xml	obj	G_PA14_14100	optimal	1.5908505726730222
./model.xml	obj	G_PA14_14110	optimal	1.5908505726730062
./model.xml	obj	G_PA14_14360	optimal	1.5908505726730306
./model.xml	obj	G_PA14_14370	optimal	1.5908505726730258
./model.xml	obj	G_PA14_14470	optimal	1.5908505726730222
./model.xml	obj	G_PA14_14500	optimal	1.5908505726730082
./model.xml	obj	G_PA14_14510	optimal	1.5908505726730204
./model.xml	obj	G_PA14_14530	optimal	1.5908505726730306
./model.xml	obj	G_PA14_14590	optimal	1.5908505726730349
./model.xml	obj	G_PA14_14600	optimal	1.5908505726730349
./model.xml	obj	G_PA14_14680	optimal	1.5908505726729996
./model.xml	obj	G_PA14_14700	optimal	1.5908505726730273
./model.xml	obj	G_PA14_14730	optimal	1.590850572673021
./model.xml	obj	G_PA14_14740	optimal	0.0
./model.xml	obj	G_PA14_14750	optimal	0.0
./model.xml	obj	G_PA14_14800	optimal	9.965298002649292e-11
./model.xml	obj	G_PA14_14820	optimal	-3.0487876973760664e-15
./model.xml	obj	G_PA14_14880	optimal	0.0
./model.xml	obj	G_PA14_14890	optimal	1.5908505726730102
./model.xml	obj	G_PA14_14940	optimal	1.5908505726730349
./model.xml	obj	G_PA14_15030	optimal	1.5908505726730224
./model.xml	obj	G_PA14_15160	optimal	1.5908505726730258
./model.xml	obj	G_PA14_15180	optimal	1.5908505726730306
./model.xml	obj	G_PA14_15190	optimal	1.5908505726730306
./model.xml	obj	G_PA14_15200	optimal	1.5908505726730293
./model.xml	obj	G_PA14_15310	optimal	1.5808101871008324
./model.xml	obj	G_PA14_15340	optimal	0.0
./model.xml	obj	G_PA14_15700	optimal	1.5908505726730349
./model.xml	obj	G_PA14_15720	optimal	1.5908505726730147
./model.xml	obj	G_PA14_15740	optimal	8.035004078542117e-14
./model.xml	obj	G_PA14_15780	optimal	1.590850572673004
./model.xml	obj	G_PA14_15790	optimal	1.5908505726730169
./model.xml	obj	G_PA14_15820	optimal	1.59085057267301
./model.xml	obj	G_PA14_15890	optimal	1.590850572673004
./model.xml	obj	G_PA14_16030	optimal	1.590850572672988
./model.xml	obj	G_PA14_16070	optimal	0.0
./model.xml	obj	G_PA14_16090	optimal	7.495085798063213e-16
./model.xml	obj	G_PA14_16130	optimal	1.5908505726729987
./model.xml	obj	G_PA14_16360	optimal	1.5908505726730187
./model.xml	obj	G_PA14_16390	optimal	1.5908505726730187
./model.xml	obj	G_PA14_16500	optimal	1.5908505726730198
./model.xml	obj	G_PA14_16660	optimal	1.5908505726730204
./model.xml	obj	G_PA14_16690	optimal	1.5908505726730306
./model.xml	obj	G_PA14_16700	optimal	4.5559656804690613e-14
./model.xml	obj	G_PA14_16860	optimal	1.5908505726729996
./model.xml	obj	G_PA14_16920	optimal	1.5908505726730082
./model.xml	obj	G_PA14_16930	optimal	1.590850572673021
./model.xml	obj	G_PA14_16950	optimal	0.0
./model.xml	obj	G_PA14_17010	optimal	1.5908505726730169
./model.xml	obj	G_PA14_17030	optimal	1.5908505726730273
./model.xml	obj	G_PA14_17080	optimal	0.0
./model.xml	obj	G_PA14_17110	optimal	1.5908505726730084
./model.xml	obj	G_PA14_17120	optimal	0.0
./model.xml	obj	G_PA14_17130	optimal	5.864710296410506e-16
./model.xml	obj	G_PA14_17180	optimal	0.0
./model.xml	obj	G_PA14_17190	optimal	1.4938298574410787
./model.xml	obj	G_PA14_17210	optimal	0.0
./model.xml	obj	G_PA14_17220	optimal	1.69429441991025e-14
./model.xml	obj	G_PA14_17250	optimal	1.5908505726730258
./model.xml	obj	G_PA14_17270	optimal	-1.365171504873443e-16
./model.xml	obj	G_PA14_17290	optimal	0.0
./model.xml	obj	G_PA14_17310	optimal	7.21057265251139e-14
./model.xml	obj	G_PA14_17320	optimal	1.561576996533296
./model.xml	obj	G_PA14_17340	optimal	0.0
./model.xml	obj	G_PA14_17400	optimal	1.5908505726730258
./model.xml	obj	G_PA14_17410	optimal	1.5908505726730273
./model.xml	obj	G_PA14_17420	optimal	0.0
./model.xml	obj	G_PA14_17450	optimal	1.590850572672991
./model.xml	obj	G_PA14_17520	optimal	1.5908505726933424
./model.xml	obj	G_PA14_17610	optimal	1.5908505726730169
./model.xml	obj	G_PA14_17620	optimal	1.5908505726730169
./model.xml	obj	G_PA14_17630	optimal	1.5908505726730169
./model.xml	obj	G_PA14_17640	optimal	1.5908505726730169
./model.xml	obj	G_PA14_17675	optimal	1.5908505726730182
./model.xml	obj	G_PA14_17740	optimal	1.5908505726730349
./model.xml	obj	G_PA14_17860	optimal	1.5908505726730349
./model.xml	obj	G_PA14_17880	optimal	1.5908505726730349
./model.xml	obj	G_PA14_17930	optimal	1.5908505726729996
./model.xml	obj	G_PA14_17960	optimal	1.5908505726730193
./model.xml	obj	G_PA14_17980	optimal	1.5908505726730193
./model.xml	obj	G_PA14_18010	optimal	1.5908505726730193
./model.xml	obj	G_PA14_18120	optimal	1.5908505726730187
./model.xml	obj	G_PA14_18140	optimal	1.5908505726730084
./model.xml	obj	G_PA14_18150	optimal	1.590850572673004
./model.xml	obj	G_PA14_18180	optimal	1.5908505726730298
./model.xml	obj	G_PA14_18250	optimal	1.5908505726729987
./model.xml	obj	G_PA14_18260	optimal	1.5908505726729987
./model.xml	obj	G_PA14_18275	optimal	1.5908505726729987
./model.xml	obj	G_PA14_18300	optimal	1.5908505726730187
./model.xml	obj	G_PA14_18380	optimal	1.590850572673052
./model.xml	obj	G_PA14_18410	optimal	1.5908505726730062
./model.xml	obj	G_PA14_18430	optimal	1.5908505726730062
./model.xml	obj	G_PA14_18450	optimal	1.5908505726730062
./model.xml	obj	G_PA14_18480	optimal	1.5908505726730062
./model.xml	obj	G_PA14_18500	optimal	1.5908505726730062
./model.xml	obj	G_PA14_18510	optimal	1.5908505726730062
./model.xml	obj	G_PA14_18520	optimal	1.5908505726730062
./model.xml	obj	G_PA14_18550	optimal	1.5908505726730087
./model.xml	obj	G_PA14_18565	optimal	1.5908505726730087
./model.xml	obj	G_PA14_18580	optimal	1.5908505726730224
./model.xml	obj	G_PA14_18600	optimal	1.5908505726730047
./model.xml	obj	G_PA14_18610	optimal	1.585457435374412
./model.xml	obj	G_PA14_18670	optimal	1.5908505726730306
./model.xml	obj	G_PA14_18690	optimal	1.590850572672991
./model.xml	obj	G_PA14_18710	optimal	1.590850572673025
./model.xml	obj	G_PA14_18740	optimal	1.59085057267304
./model.xml	obj	G_PA14_18750	optimal	1.5908505726730222
./model.xml	obj	G_PA14_18970	optimal	1.5908505726730062
./model.xml	obj	G_PA14_19050	optimal	1.5908505726730102
./model.xml	obj	G_PA14_19090	optimal	1.5908505726730204
./model.xml	obj	G_PA14_19100	optimal	1.5908505726730306
./model.xml	obj	G_PA14_19110	optimal	1.5908505726730062
./model.xml	obj	G_PA14_19130	optimal	1.5908505726730062
./model.xml	obj	G_PA14_19140	optimal	1.590850572694206
./model.xml	obj	G_PA14_19190	optimal	1.5908505726730349
./model.xml	obj	G_PA14_19370	optimal	1.59085057267304
./model.xml	obj	G_PA14_19400	optimal	1.5908505726730062
./model.xml	obj	G_PA14_19410	optimal	1.5908505726730309
./model.xml	obj	G_PA14_19430	optimal	1.5908505726730207
./model.xml	obj	G_PA14_19470	optimal	1.5908505726730107
./model.xml	obj	G_PA14_19500	optimal	1.5908505726730062
./model.xml	obj	G_PA14_19510	optimal	1.5908505726730062
./model.xml	obj	G_PA14_19520	optimal	1.5908505726730062
./model.xml	obj	G_PA14_19530	optimal	1.5908505726730062
./model.xml	obj	G_PA14_19540	optimal	1.5908505726730047
./model.xml	obj	G_PA14_19560	optimal	1.5908505726730047
./model.xml	obj	G_PA14_19570	optimal	1.590850572673035
./model.xml	obj	G_PA14_19580	optimal	1.5908505726730047
./model.xml	obj	G_PA14_19630	optimal	1.5908505726730091
./model.xml	obj	G_PA14_19640	optimal	1.5908505726730306
./model.xml	obj	G_PA14_19660	optimal	1.5908505726730349
./model.xml	obj	G_PA14_19770	optimal	1.5908505726730062
./model.xml	obj	G_PA14_19870	optimal	1.5908505726730222
./model.xml	obj	G_PA14_19900	optimal	1.590850572672991
./model.xml	obj	G_PA14_19910	optimal	1.590850572672991
./model.xml	obj	G_PA14_20140	optimal	1.5908505726730349
./model.xml	obj	G_PA14_20150	optimal	1.5908505726730306
./model.xml	obj	G_PA14_20170	optimal	1.5908505726730306
./model.xml	obj	G_PA14_20180	optimal	1.5908505726730306
./model.xml	obj	G_PA14_20190	optimal	1.5908505726730306
./model.xml	obj	G_PA14_20200	optimal	1.5908505726730306
./model.xml	obj	G_PA14_20270	optimal	1.5908505726730071
./model.xml	obj	G_PA14_20300	optimal	1.5908505726730222
./model.xml	obj	G_PA14_20320	optimal	1.5908505726730062
./model.xml	obj	G_PA14_20330	optimal	1.5908505726730062
./model.xml	obj	G_PA14_20400	optimal	1.5908505726730071
./model.xml	obj	G_PA14_20420	optimal	1.5908505726730062
./model.xml	obj	G_PA14_20440	optimal	1.5908505726730204
./model.xml	obj	G_PA14_20560	optimal	1.5908505726730258
./model.xml	obj	G_PA14_20650	optimal	1.5908505726730273
./model.xml	obj	G_PA14_20670	optimal	1.5908505726730349
./model.xml	obj	G_PA14_20890	optimal	0.0
./model.xml	obj	G_PA14_20950	optimal	1.5908505726730071
./model.xml	obj	G_PA14_21140	optimal	1.5908505726730062
./model.xml	obj	G_PA14_21150	optimal	1.5908505726730062
./model.xml	obj	G_PA14_21160	optimal	1.5908505726730062
./model.xml	obj	G_PA14_21175	optimal	1.5908505726730062
./model.xml	obj	G_PA14_21190	optimal	1.5908505726730306
./model.xml	obj	G_PA14_21320	optimal	1.590850572673052
./model.xml	obj	G_PA14_21340	optimal	1.5908505726730047
./model.xml	obj	G_PA14_21370	optimal	1.5908505726730047
./model.xml	obj	G_PA14_21410	optimal	1.5908505726730113
./model.xml	obj	G_PA14_21540	optimal	1.590850572673004
./model.xml	obj	G_PA14_21620	optimal	6.466948581294852e-15
./model.xml	obj	G_PA14_21730	optimal	1.5908505726730204
./model.xml	obj	G_PA14_21750	optimal	1.5908505726730104
./model.xml	obj	G_PA14_21910	optimal	1.5908505726730349
./model.xml	obj	G_PA14_21920	optimal	1.5908505726730349
./model.xml	obj	G_PA14_21930	optimal	1.5908505726730349
./model.xml	obj	G_PA14_21960	optimal	1.5908505726730349
./model.xml	obj	G_PA14_22050	optimal	1.590850572673009
./model.xml	obj	G_PA14_22330	optimal	1.5908505726730306
./model.xml	obj	G_PA14_22350	optimal	1.5908382893577029
./model.xml	obj	G_PA14_22440	optimal	1.5908505726730091
./model.xml	obj	G_PA14_22620	optimal	1.5908505726730169
./model.xml	obj	G_PA14_22690	optimal	1.5908505726730084
./model.xml	obj	G_PA14_22890	optimal	1.590850572673004
./model.xml	obj	G_PA14_22910	optimal	1.5551775141588775
./model.xml	obj	G_PA14_22930	optimal	1.5607045885773478
./model.xml	obj	G_PA14_22980	optimal	1.5607045885773516
./model.xml	obj	G_PA14_22990	optimal	1.5607045885773516
./model.xml	obj	G_PA14_23000	optimal	1.5607045885773516
./model.xml	obj	G_PA14_23010	optimal	1.5607045885773516
./model.xml	obj	G_PA14_23030	optimal	1.506651789900914
./model.xml	obj	G_PA14_23070	optimal	1.5908505726730022
./model.xml	obj	G_PA14_23080	optimal	1.590850572672999
./model.xml	obj	G_PA14_23090	optimal	1.590850572673011
./model.xml	obj	G_PA14_23160	optimal	1.5892883096708952
./model.xml	obj	G_PA14_23170	optimal	1.5908505726730047
./model.xml	obj	G_PA14_23210	optimal	1.5908505726730062
./model.xml	obj	G_PA14_23220	optimal	0.0
./model.xml	obj	G_PA14_23250	optimal	1.590850572672965
./model.xml	obj	G_PA14_23270	optimal	1.5908505726730187
./model.xml	obj	G_PA14_23280	optimal	1.5908505726730215
./model.xml	obj	G_PA14_23290	optimal	1.5908505726730306
./model.xml	obj	G_PA14_23310	optimal	2.577260680827565e-17
./model.xml	obj	G_PA14_23320	optimal	1.1938866878199589e-14
./model.xml	obj	G_PA14_23360	optimal	1.5908505726730091
./model.xml	obj	G_PA14_23370	optimal	1.5908505726730298
./model.xml	obj	G_PA14_23380	optimal	1.5908505726730062
./model.xml	obj	G_PA14_23390	optimal	1.5908505726730091
./model.xml	obj	G_PA14_23410	optimal	1.5908505726730087
./model.xml	obj	G_PA14_23440	optimal	1.5908505726730062
./model.xml	obj	G_PA14_23450	optimal	1.5908505726730169
./model.xml	obj	G_PA14_23460	optimal	1.5908505726730298
./model.xml	obj	G_PA14_23470	optimal	1.590850572694206
./model.xml	obj	G_PA14_23500	optimal	1.5908505726730175
./model.xml	obj	G_PA14_23560	optimal	1.5908505726730193
./model.xml	obj	G_PA14_23620	optimal	1.5908505726730349
./model.xml	obj	G_PA14_23750	optimal	1.5908505726730224
./model.xml	obj	G_PA14_23760	optimal	1.5908505726730224
./model.xml	obj	G_PA14_23790	optimal	1.5908505726730224
./model.xml	obj	G_PA14_23800	optimal	0.0
./model.xml	obj	G_PA14_23850	optimal	1.590850572673015
./model.xml	obj	G_PA14_23860	optimal	-1.365171504873443e-16
./model.xml	obj	G_PA14_23880	optimal	0.0
./model.xml	obj	G_PA14_23920	optimal	1.5650018397902666e-13
./model.xml	obj	G_PA14_23930	optimal	1.5908505726730293
./model.xml	obj	G_PA14_24170	optimal	1.5908505726730062
./model.xml	obj	G_PA14_24190	optimal	1.5908505726730169
./model.xml	obj	G_PA14_24220	optimal	1.590850572672988
./model.xml	obj	G_PA14_24270	optimal	1.5908505726730222
./model.xml	obj	G_PA14_24290	optimal	1.5908505726730102
./model.xml	obj	G_PA14_24445	optimal	1.5908505726730284
./model.xml	obj	G_PA14_24610	optimal	1.5908505726730104
./model.xml	obj	G_PA14_24640	optimal	1.590850572673025
./model.xml	obj	G_PA14_24690	optimal	1.590850572673052
./model.xml	obj	G_PA14_24730	optimal	1.590850572672991
./model.xml	obj	G_PA14_24780	optimal	1.590850572672991
./model.xml	obj	G_PA14_24890	optimal	1.590850572673035
./model.xml	obj	G_PA14_24900	optimal	1.5908505726730198
./model.xml	obj	G_PA14_24910	optimal	1.590850572673035
./model.xml	obj	G_PA14_24950	optimal	1.5908505726730193
./model.xml	obj	G_PA14_24960	optimal	1.590850572694206
./model.xml	obj	G_PA14_25000	optimal	1.5908505726730147
./model.xml	obj	G_PA14_25080	optimal	1.590850572673011
./model.xml	obj	G_PA14_25090	optimal	1.5908505726730222
./model.xml	obj	G_PA14_25195	optimal	1.59085057267301
./model.xml	obj	G_PA14_25210	optimal	1.5908505726730198
./model.xml	obj	G_PA14_25250	optimal	1.5908505726933424
./model.xml	obj	G_PA14_25270	optimal	1.5908505726730169
./model.xml	obj	G_PA14_25280	optimal	1.5908505726730306
./model.xml	obj	G_PA14_25305	optimal	1.5908505726730306
./model.xml	obj	G_PA14_25320	optimal	1.5908505726730306
./model.xml	obj	G_PA14_25330	optimal	1.5908505726730306
./model.xml	obj	G_PA14_25340	optimal	1.5908505726730306
./model.xml	obj	G_PA14_25350	optimal	1.5908505726730306
./model.xml	obj	G_PA14_25390	optimal	1.590850572672988
./model.xml	obj	G_PA14_25400	optimal	1.5908505726730091
./model.xml	obj	G_PA14_25510	optimal	8.445167798935765e-13
./model.xml	obj	G_PA14_25530	optimal	7.21057265251139e-14
./model.xml	obj	G_PA14_25550	optimal	0.0
./model.xml	obj	G_PA14_25640	optimal	1.590850572673004
./model.xml	obj	G_PA14_25650	optimal	1.590850572673052
./model.xml	obj	G_PA14_25660	optimal	7.244136160223033e-16
./model.xml	obj	G_PA14_25670	optimal	3.5268790726625448e-15
./model.xml	obj	G_PA14_25690	optimal	1.5908505726730071
./model.xml	obj	G_PA14_25710	optimal	1.2033848661340421e-11
./model.xml	obj	G_PA14_25740	optimal	0.0
./model.xml	obj	G_PA14_25840	optimal	1.5908505726730091
./model.xml	obj	G_PA14_25860	optimal	1.5908505726730091
./model.xml	obj	G_PA14_25880	optimal	1.5908505726730091
./model.xml	obj	G_PA14_25900	optimal	1.568645630462387
./model.xml	obj	G_PA14_25920	optimal	1.5908505726730298
./model.xml	obj	G_PA14_25970	optimal	1.5908505726730298
./model.xml	obj	G_PA14_25980	optimal	1.5908505726730204
./model.xml	obj	G_PA14_26010	optimal	1.5908505726730349
./model.xml	obj	G_PA14_26050	optimal	1.590850572694206
./model.xml	obj	G_PA14_26160	optimal	1.590850572673017
./model.xml	obj	G_PA14_26210	optimal	1.5908505726730202
./model.xml	obj	G_PA14_26220	optimal	1.5908505726730222
./model.xml	obj	G_PA14_26230	optimal	1.5908505726730222
./model.xml	obj	G_PA14_26240	optimal	1.5908505726730222
./model.xml	obj	G_PA14_26360	optimal	1.5908505726730047
./model.xml	obj	G_PA14_26390	optimal	1.5908505726730204
./model.xml	obj	G_PA14_26400	optimal	1.5908505726730047
./model.xml	obj	G_PA14_26460	optimal	1.5908505726730298
./model.xml	obj	G_PA14_26480	optimal	1.5908505726730298
./model.xml	obj	G_PA14_26485	optimal	1.5908505726730298
./model.xml	obj	G_PA14_26500	optimal	1.5908505726730298
./model.xml	obj	G_PA14_26510	optimal	1.5908505726730298
./model.xml	obj	G_PA14_26530	optimal	1.5908505726730298
./model.xml	obj	G_PA14_26650	optimal	1.5908505726730187
./model.xml	obj	G_PA14_26890	optimal	1.5908505726729945
./model.xml	obj	G_PA14_27160	optimal	1.590850572673052
./model.xml	obj	G_PA14_27330	optimal	1.5908505726730204
./model.xml	obj	G_PA14_27500	optimal	1.5908505726730258
./model.xml	obj	G_PA14_27520	optimal	1.5908505726730091
./model.xml	obj	G_PA14_27570	optimal	1.5908505726899655
./model.xml	obj	G_PA14_27730	optimal	1.590850572673004
./model.xml	obj	G_PA14_27850	optimal	1.5908505726730349
./model.xml	obj	G_PA14_27920	optimal	1.590850572672991
./model.xml	obj	G_PA14_27960	optimal	1.529019002821924
./model.xml	obj	G_PA14_28170	optimal	1.5908505726730349
./model.xml	obj	G_PA14_28180	optimal	1.590850572673012
./model.xml	obj	G_PA14_28650	optimal	1.5908505726730102
./model.xml	obj	G_PA14_29090	optimal	1.590850572694206
./model.xml	obj	G_PA14_29100	optimal	1.590850572673017
./model.xml	obj	G_PA14_29110	optimal	1.5908505726730369
./model.xml	obj	G_PA14_29210	optimal	1.5908505726730047
./model.xml	obj	G_PA14_29220	optimal	1.5908505726730164
./model.xml	obj	G_PA14_29280	optimal	1.5908505726730147
./model.xml	obj	G_PA14_29340	optimal	1.5908505726730169
./model.xml	obj	G_PA14_29350	optimal	1.5908505726899655
./model.xml	obj	G_PA14_29410	optimal	1.590850572673017
./model.xml	obj	G_PA14_29460	optimal	1.5908505726730169
./model.xml	obj	G_PA14_29600	optimal	1.5908505726730349
./model.xml	obj	G_PA14_29640	optimal	1.5908505726730306
./model.xml	obj	G_PA14_29850	optimal	1.4682368106948989
./model.xml	obj	G_PA14_29860	optimal	1.4682368106948989
./model.xml	obj	G_PA14_29880	optimal	1.4682368106948989
./model.xml	obj	G_PA14_29890	optimal	1.4682368106948989
./model.xml	obj	G_PA14_29900	optimal	1.4682368106948989
./model.xml	obj	G_PA14_29920	optimal	1.4682368106948989
./model.xml	obj	G_PA14_29930	optimal	1.4682368106948989
./model.xml	obj	G_PA14_29940	optimal	1.4682368106948989
./model.xml	obj	G_PA14_29970	optimal	1.4682368106948989
./model.xml	obj	G_PA14_29980	optimal	1.4682368106948989
./model.xml	obj	G_PA14_29990	optimal	1.4682368106948989
./model.xml	obj	G_PA14_30010	optimal	1.4682368106948989
./model.xml	obj	G_PA14_30020	optimal	1.4682368106948989
./model.xml	obj	G_PA14_30050	optimal	1.5908505726730215
./model.xml	obj	G_PA14_30110	optimal	3.98752901219473e-14
./model.xml	obj	G_PA14_30160	optimal	1.5908505726730104
./model.xml	obj	G_PA14_30180	optimal	1.5908505726730215
./model.xml	obj	G_PA14_30190	optimal	1.5908505726730215
./model.xml	obj	G_PA14_30280	optimal	1.5908505726730349
./model.xml	obj	G_PA14_30340	optimal	1.5908505726730273
./model.xml	obj	G_PA14_30490	optimal	1.5908505726730306
./model.xml	obj	G_PA14_30500	optimal	1.5908505726730306
./model.xml	obj	G_PA14_30630	optimal	1.5908505726730187
./model.xml	obj	G_PA14_30670	optimal	0.0
./model.xml	obj	G_PA14_30750	optimal	1.5908505726730187
./model.xml	obj	G_PA14_30810	optimal	1.5908505726730306
./model.xml	obj	G_PA14_31010	optimal	1.5908505726730084
./model.xml	obj	G_PA14_31030	optimal	1.590850572694206
./model.xml	obj	G_PA14_31040	optimal	1.590850572694206
./model.xml	obj	G_PA14_31380	optimal	1.5908505726730293
./model.xml	obj	G_PA14_31470	optimal	1.5908505726730349
./model.xml	obj	G_PA14_31500	optimal	1.5908505726730169
./model.xml	obj	G_PA14_31530	optimal	1.5908505726730222
./model.xml	obj	G_PA14_31540	optimal	1.590850572673004
./model.xml	obj	G_PA14_31580	optimal	1.5908505726730102
./model.xml	obj	G_PA14_31700	optimal	1.5908505726730222
./model.xml	obj	G_PA14_31750	optimal	1.5908505726730104
./model.xml	obj	G_PA14_31760	optimal	1.5908505726730346
./model.xml	obj	G_PA14_31800	optimal	1.5908505726730258
./model.xml	obj	G_PA14_31810	optimal	1.5908505726730306
./model.xml	obj	G_PA14_31820	optimal	1.5908505726730215
./model.xml	obj	G_PA14_31970	optimal	1.5908505726730084
./model.xml	obj	G_PA14_31990	optimal	1.5908505726730084
./model.xml	obj	G_PA14_32080	optimal	1.590850572673035
./model.xml	obj	G_PA14_32100	optimal	1.590850572673035
./model.xml	obj	G_PA14_32110	optimal	1.590850572673035
./model.xml	obj	G_PA14_32130	optimal	1.590850572673035
./model.xml	obj	G_PA14_32220	optimal	1.590850572672965
./model.xml	obj	G_PA14_32230	optimal	1.590850572672965
./model.xml	obj	G_PA14_32240	optimal	1.5908505726730175
./model.xml	obj	G_PA14_32270	optimal	1.580040143783898
./model.xml	obj	G_PA14_32330	optimal	1.590850572673015
./model.xml	obj	G_PA14_32650	optimal	1.5908505726730349
./model.xml	obj	G_PA14_32660	optimal	1.5908505726730224
./model.xml	obj	G_PA14_32905	optimal	1.5908505726730047
./model.xml	obj	G_PA14_32985	optimal	1.5908505726730204
./model.xml	obj	G_PA14_33000	optimal	1.5908505726730204
./model.xml	obj	G_PA14_33010	optimal	1.590850572694206
./model.xml	obj	G_PA14_33030	optimal	1.5908505726730273
./model.xml	obj	G_PA14_33040	optimal	1.5908505726730204
./model.xml	obj	G_PA14_33280	optimal	1.590850572694206
./model.xml	obj	G_PA14_33450	optimal	1.5908505726730204
./model.xml	obj	G_PA14_33500	optimal	1.5908505726730102
./model.xml	obj	G_PA14_33540	optimal	1.5908505726730198
./model.xml	obj	G_PA14_33550	optimal	1.590850572673015
./model.xml	obj	G_PA14_33560	optimal	1.590850572673015
./model.xml	obj	G_PA14_33610	optimal	1.590850572694206
./model.xml	obj	G_PA14_33630	optimal	1.590850572694206
./model.xml	obj	G_PA14_33650	optimal	1.590850572694206
./model.xml	obj	G_PA14_33690	optimal	1.5908505726730298
./model.xml	obj	G_PA14_33700	optimal	1.5908505726730087
./model.xml	obj	G_PA14_33710	optimal	1.5908505726730298
./model.xml	obj	G_PA14_33720	optimal	1.5908505726730298
./model.xml	obj	G_PA14_33730	optimal	1.5908505726730298
./model.xml	obj	G_PA14_33740	optimal	1.5908505726730298
./model.xml	obj	G_PA14_33750	optimal	1.5908505726730298
./model.xml	obj	G_PA14_33760	optimal	1.5908505726730298
./model.xml	obj	G_PA14_33770	optimal	1.5908505726730298
./model.xml	obj	G_PA14_33810	optimal	1.5908505726730298
./model.xml	obj	G_PA14_33820	optimal	1.5908505726730087
./model.xml	obj	G_PA14_33860	optimal	1.5908505726730193
./model.xml	obj	G_PA14_34050	optimal	1.5908505726730349
./model.xml	obj	G_PA14_34180	optimal	1.5908505726730047
./model.xml	obj	G_PA14_34190	optimal	1.5908505726730047
./model.xml	obj	G_PA14_34250	optimal	1.5908505726730091
./model.xml	obj	G_PA14_34260	optimal	1.5908505726730142
./model.xml	obj	G_PA14_34270	optimal	1.5908505726730062
./model.xml	obj	G_PA14_34280	optimal	1.5908505726730062
./model.xml	obj	G_PA14_34340	optimal	1.5908505726730084
./model.xml	obj	G_PA14_34350	optimal	1.5908505726851185
./model.xml	obj	G_PA14_34360	optimal	1.590850572673052
./model.xml	obj	G_PA14_34370	optimal	1.5908505726729996
./model.xml	obj	G_PA14_34390	optimal	1.590850572673012
./model.xml	obj	G_PA14_34410	optimal	1.5908505726730222
./model.xml	obj	G_PA14_34420	optimal	1.5908505726730222
./model.xml	obj	G_PA14_34500	optimal	1.5908505726730062
./model.xml	obj	G_PA14_34510	optimal	1.590850572673035
./model.xml	obj	G_PA14_34520	optimal	1.590850572673035
./model.xml	obj	G_PA14_34600	optimal	1.5908505726933424
./model.xml	obj	G_PA14_34630	optimal	1.5667542861220263
./model.xml	obj	G_PA14_34640	optimal	1.5908505726730091
./model.xml	obj	G_PA14_34750	optimal	1.5908505726730293
./model.xml	obj	G_PA14_34770	optimal	1.5908505726730062
./model.xml	obj	G_PA14_34780	optimal	1.5908505726730062
./model.xml	obj	G_PA14_34790	optimal	1.5908505726730062
./model.xml	obj	G_PA14_34960	optimal	1.5908505726730169
./model.xml	obj	G_PA14_34970	optimal	1.5667542861220263
./model.xml	obj	G_PA14_35100	optimal	1.5908505726730084
./model.xml	obj	G_PA14_35110	optimal	1.5908505726730306
./model.xml	obj	G_PA14_35190	optimal	1.5908505726730306
./model.xml	obj	G_PA14_35270	optimal	1.5908505726730349
./model.xml	obj	G_PA14_35290	optimal	1.5908505726730084
./model.xml	obj	G_PA14_35300	optimal	1.590850572694206
./model.xml	obj	G_PA14_35320	optimal	1.5908505726729971
./model.xml	obj	G_PA14_35330	optimal	1.5908505726730104
./model.xml	obj	G_PA14_35340	optimal	1.5908505726730104
./model.xml	obj	G_PA14_35440	optimal	1.59085057267304
./model.xml	obj	G_PA14_35460	optimal	1.571904206612083
./model.xml	obj	G_PA14_35490	optimal	1.5908505726729945
./model.xml	obj	G_PA14_35500	optimal	1.5908505726729945
./model.xml	obj	G_PA14_35520	optimal	1.5908505726729945
./model.xml	obj	G_PA14_35530	optimal	1.5908505726729945
./model.xml	obj	G_PA14_35880	optimal	1.5908505726730207
./model.xml	obj	G_PA14_35890	optimal	1.5908505726730102
./model.xml	obj	G_PA14_35920	optimal	1.590850572673012
./model.xml	obj	G_PA14_36080	optimal	1.5908505726730084
./model.xml	obj	G_PA14_36120	optimal	1.5908505726730022
./model.xml	obj	G_PA14_36200	optimal	1.5908505726730169
./model.xml	obj	G_PA14_36220	optimal	1.5908505726730169
./model.xml	obj	G_PA14_36230	optimal	1.5908505726730169
./model.xml	obj	G_PA14_36270	optimal	1.590850572694206
./model.xml	obj	G_PA14_36310	optimal	1.5908505726730187
./model.xml	obj	G_PA14_36320	optimal	1.5908505726730187
./model.xml	obj	G_PA14_36330	optimal	1.5908505726730187
./model.xml	obj	G_PA14_36345	optimal	1.5908505726730169
./model.xml	obj	G_PA14_36570	optimal	0.0
./model.xml	obj	G_PA14_36580	optimal	1.5908505726730198
./model.xml	obj	G_PA14_36590	optimal	1.5908505726730258
./model.xml	obj	G_PA14_36605	optimal	1.5908505726730198
./model.xml	obj	G_PA14_36660	optimal	1.5908505726730169
./model.xml	obj	G_PA14_36690	optimal	1.5908505726730091
./model.xml	obj	G_PA14_36730	optimal	1.590850572672965
./model.xml	obj	G_PA14_36810	optimal	1.5908505726730298
./model.xml	obj	G_PA14_36840	optimal	1.590850572673014
./model.xml	obj	G_PA14_36880	optimal	1.5908505726933424
./model.xml	obj	G_PA14_36960	optimal	1.5908505726730169
./model.xml	obj	G_PA14_37100	optimal	1.5908505726730187
./model.xml	obj	G_PA14_37340	optimal	1.5908505726730193
./model.xml	obj	G_PA14_37560	optimal	1.59085057267304
./model.xml	obj	G_PA14_37590	optimal	1.5908505726730187
./model.xml	obj	G_PA14_37610	optimal	1.5908505726730187
./model.xml	obj	G_PA14_37630	optimal	1.582298279439755
./model.xml	obj	G_PA14_37760	optimal	1.5908505726730298
./model.xml	obj	G_PA14_37790	optimal	1.590850572673015
./model.xml	obj	G_PA14_37810	optimal	1.5908505726730306
./model.xml	obj	G_PA14_37830	optimal	1.5908505726730082
./model.xml	obj	G_PA14_37950	optimal	1.5908505726730084
./model.xml	obj	G_PA14_37965	optimal	1.590850572673015
./model.xml	obj	G_PA14_38110	optimal	1.5340114744902014
./model.xml	obj	G_PA14_38130	optimal	1.5908505726730173
./model.xml	obj	G_PA14_38140	optimal	1.5908505726730349
./model.xml	obj	G_PA14_38200	optimal	1.590850572673004
./model.xml	obj	G_PA14_38330	optimal	1.5908505726730091
./model.xml	obj	G_PA14_38350	optimal	0.0
./model.xml	obj	G_PA14_38360	optimal	1.5908505726730091
./model.xml	obj	G_PA14_38440	optimal	1.5908505726730298
./model.xml	obj	G_PA14_38460	optimal	1.5908505726730309
./model.xml	obj	G_PA14_38470	optimal	1.5908505726730224
./model.xml	obj	G_PA14_38480	optimal	1.5908505726730018
./model.xml	obj	G_PA14_38490	optimal	1.5908505726730222
./model.xml	obj	G_PA14_38510	optimal	1.5908505726730084
./model.xml	obj	G_PA14_38530	optimal	1.5908505726729987
./model.xml	obj	G_PA14_38550	optimal	1.590850572673052
./model.xml	obj	G_PA14_38580	optimal	1.5908505726730202
./model.xml	obj	G_PA14_38590	optimal	1.5908505726730222
./model.xml	obj	G_PA14_38610	optimal	1.5908505726730207
./model.xml	obj	G_PA14_38630	optimal	1.5908505726730349
./model.xml	obj	G_PA14_38640	optimal	1.590850572673035
./model.xml	obj	G_PA14_38660	optimal	1.590850572672991
./model.xml	obj	G_PA14_38690	optimal	1.590850572673004
./model.xml	obj	G_PA14_38730	optimal	1.5908505726730175
./model.xml	obj	G_PA14_38750	optimal	1.5908505726730258
./model.xml	obj	G_PA14_38840	optimal	1.5908505726730258
./model.xml	obj	G_PA14_38850	optimal	1.5908505726730187
./model.xml	obj	G_PA14_38860	optimal	1.5908505726730187
./model.xml	obj	G_PA14_39050	optimal	1.5908505726730215
./model.xml	obj	G_PA14_39100	optimal	1.5908505726730306
./model.xml	obj	G_PA14_39190	optimal	0.0
./model.xml	obj	G_PA14_39280	optimal	1.5908505726730173
./model.xml	obj	G_PA14_39320	optimal	1.5908505726730173
./model.xml	obj	G_PA14_39330	optimal	1.5908505726730173
./model.xml	obj	G_PA14_39350	optimal	1.5908505726730173
./model.xml	obj	G_PA14_39590	optimal	1.5908505726730349
./model.xml	obj	G_PA14_39640	optimal	1.5908505726730349
./model.xml	obj	G_PA14_39650	optimal	1.5908505726730047
./model.xml	obj	G_PA14_39690	optimal	1.5908505726729778
./model.xml	obj	G_PA14_39720	optimal	1.5908505726730062
./model.xml	obj	G_PA14_39750	optimal	1.5908505726730349
./model.xml	obj	G_PA14_39880	optimal	1.5908505726730091
./model.xml	obj	G_PA14_39890	optimal	1.5908505726730091
./model.xml	obj	G_PA14_39910	optimal	1.5908505726730187
./model.xml	obj	G_PA14_39925	optimal	1.5908505726730224
./model.xml	obj	G_PA14_39945	optimal	1.5908505726730204
./model.xml	obj	G_PA14_39960	optimal	1.5908505726730091
./model.xml	obj	G_PA14_39970	optimal	1.5908505726730091
./model.xml	obj	G_PA14_40390	optimal	1.5908505726730198
./model.xml	obj	G_PA14_40410	optimal	1.5908505726730198
./model.xml	obj	G_PA14_40420	optimal	1.5908505726730198
./model.xml	obj	G_PA14_40470	optimal	1.5908505726730084
./model.xml	obj	G_PA14_40510	optimal	1.5908505726730306
./model.xml	obj	G_PA14_40520	optimal	1.5908505726730306
./model.xml	obj	G_PA14_40670	optimal	1.5908505726730147
./model.xml	obj	G_PA14_40770	optimal	1.5908505726730293
./model.xml	obj	G_PA14_40950	optimal	1.590850572672965
./model.xml	obj	G_PA14_41000	optimal	1.590850572672988
./model.xml	obj	G_PA14_41010	optimal	1.5822982794397547
./model.xml	obj	G_PA14_41020	optimal	1.5875364359284863
./model.xml	obj	G_PA14_41080	optimal	1.5908505726730193
./model.xml	obj	G_PA14_41090	optimal	1.5908505726730147
./model.xml	obj	G_PA14_41130	optimal	1.5908505726730306
./model.xml	obj	G_PA14_41140	optimal	1.5908505726730071
./model.xml	obj	G_PA14_41150	optimal	1.5908505726730306
./model.xml	obj	G_PA14_41160	optimal	1.5908505726730091
./model.xml	obj	G_PA14_41170	optimal	1.4938298574410813
./model.xml	obj	G_PA14_41350	optimal	-8.791780834116126e-15
./model.xml	obj	G_PA14_41400	optimal	-5.678602000146303e-13
./model.xml	obj	G_PA14_41470	optimal	1.590850572673004
./model.xml	obj	G_PA14_41510	optimal	1.5908505726730349
./model.xml	obj	G_PA14_41530	optimal	1.5908505726730306
./model.xml	obj	G_PA14_41540	optimal	1.5908505726730306
./model.xml	obj	G_PA14_41560	optimal	1.5908505726730306
./model.xml	obj	G_PA14_41563	optimal	1.5908505726730382
./model.xml	obj	G_PA14_41670	optimal	1.5908505726730298
./model.xml	obj	G_PA14_41820	optimal	1.590850572673012
./model.xml	obj	G_PA14_41830	optimal	1.5908505726730091
./model.xml	obj	G_PA14_41840	optimal	-1.0547238908938389e-18
./model.xml	obj	G_PA14_41900	optimal	1.5908505726730153
./model.xml	obj	G_PA14_41920	optimal	1.5908505726730204
./model.xml	obj	G_PA14_41950	optimal	1.5908505726730349
./model.xml	obj	G_PA14_42050	optimal	1.5908505726730258
./model.xml	obj	G_PA14_42080	optimal	1.5908505726730349
./model.xml	obj	G_PA14_42090	optimal	1.5908505726730349
./model.xml	obj	G_PA14_42220	optimal	1.5908505726730175
./model.xml	obj	G_PA14_42230	optimal	1.5908505726730169
./model.xml	obj	G_PA14_42690	optimal	1.5908505726730293
./model.xml	obj	G_PA14_42720	optimal	1.5908505726730107
./model.xml	obj	G_PA14_42730	optimal	1.5908505726730187
./model.xml	obj	G_PA14_42740	optimal	1.590850572673052
./model.xml	obj	G_PA14_42750	optimal	1.5908505726730298
./model.xml	obj	G_PA14_42760	optimal	0.0
./model.xml	obj	G_PA14_42850	optimal	1.5908505726730091
./model.xml	obj	G_PA14_43280	optimal	1.5908505726730062
./model.xml	obj	G_PA14_43320	optimal	1.590850572673028
./model.xml	obj	G_PA14_43370	optimal	1.5908505726730224
./model.xml	obj	G_PA14_43380	optimal	1.5908505726730222
./model.xml	obj	G_PA14_43400	optimal	1.5908505726730224
./model.xml	obj	G_PA14_43405	optimal	1.5908505726730169
./model.xml	obj	G_PA14_43440	optimal	1.5908505726711977
./model.xml	obj	G_PA14_43460	optimal	1.5908505726730091
./model.xml	obj	G_PA14_43610	optimal	1.5908505726730169
./model.xml	obj	G_PA14_43640	optimal	0.0
./model.xml	obj	G_PA14_43680	optimal	1.5686456304623675
./model.xml	obj	G_PA14_43690	optimal	1.5526816052297652
./model.xml	obj	G_PA14_43830	optimal	1.5908505726730198
./model.xml	obj	G_PA14_43920	optimal	1.5908505726730306
./model.xml	obj	G_PA14_43940	optimal	1.388026934666635
./model.xml	obj	G_PA14_43950	optimal	1.3880269346666498
./model.xml	obj	G_PA14_43970	optimal	1.5729602913362117
./model.xml	obj	G_PA14_44000	optimal	1.590850572673059
./model.xml	obj	G_PA14_44010	optimal	1.590850572673059
./model.xml	obj	G_PA14_44020	optimal	1.5908505726730349
./model.xml	obj	G_PA14_44030	optimal	1.5908505726730293
./model.xml	obj	G_PA14_44050	optimal	1.5908505726730293
./model.xml	obj	G_PA14_44060	optimal	1.5908505726730293
./model.xml	obj	G_PA14_44070	optimal	1.5908505726730091
./model.xml	obj	G_PA14_44120	optimal	1.5875364359284794
./model.xml	obj	G_PA14_44140	optimal	1.590836308213766
./model.xml	obj	G_PA14_44210	optimal	1.5908505726730062
./model.xml	obj	G_PA14_44240	optimal	1.5908505726730349
./model.xml	obj	G_PA14_44260	optimal	1.5908505726730062
./model.xml	obj	G_PA14_44290	optimal	1.590850572673004
./model.xml	obj	G_PA14_44340	optimal	1.5908505726730349
./model.xml	obj	G_PA14_44350	optimal	1.5908505726730349
./model.xml	obj	G_PA14_44360	optimal	1.5908505726730349
./model.xml	obj	G_PA14_44370	optimal	1.590850572694206
./model.xml	obj	G_PA14_44380	optimal	1.5908505726730349
./model.xml	obj	G_PA14_44390	optimal	1.590850572694206
./model.xml	obj	G_PA14_44400	optimal	1.5908505726730349
./model.xml	obj	G_PA14_44470	optimal	1.5908505726730091
./model.xml	obj	G_PA14_44500	optimal	1.5908149119590982
./model.xml	obj	G_PA14_44520	optimal	1.5908505726730293
./model.xml	obj	G_PA14_44530	optimal	1.5908505726730293
./model.xml	obj	G_PA14_44700	optimal	1.5908505726730306
./model.xml	obj	G_PA14_44710	optimal	1.5908505726730215
./model.xml	obj	G_PA14_44740	optimal	1.5908505726730215
./model.xml	obj	G_PA14_44760	optimal	1.590850572694206
./model.xml	obj	G_PA14_44770	optimal	1.5908505726730091
./model.xml	obj	G_PA14_44800	optimal	1.5908505726730306
./model.xml	obj	G_PA14_44820	optimal	1.5908505726730349
./model.xml	obj	G_PA14_44830	optimal	1.5908505726730258
./model.xml	obj	G_PA14_44840	optimal	1.5908505726730349
./model.xml	obj	G_PA14_44850	optimal	1.5908505726730258
./model.xml	obj	G_PA14_44860	optimal	1.5908505726730084
./model.xml	obj	G_PA14_44950	optimal	1.5908505726951587
./model.xml	obj	G_PA14_45000	optimal	1.5908505726730084
./model.xml	obj	G_PA14_45010	optimal	1.5908505726730084
./model.xml	obj	G_PA14_45020	optimal	1.5908505726730084
./model.xml	obj	G_PA14_45030	optimal	1.5908505726730084
./model.xml	obj	G_PA14_45050	optimal	1.5908505726730173
./model.xml	obj	G_PA14_45060	optimal	1.5908505726730306
./model.xml	obj	G_PA14_45110	optimal	1.5908505726730091
./model.xml	obj	G_PA14_45130	optimal	1.5908505726730169
./model.xml	obj	G_PA14_45170	optimal	1.5908505726729996
./model.xml	obj	G_PA14_45190	optimal	1.590850572694206
./model.xml	obj	G_PA14_45240	optimal	1.5908505726730169
./model.xml	obj	G_PA14_45350	optimal	1.5908505726730175
./model.xml	obj	G_PA14_45370	optimal	1.5908505726730175
./model.xml	obj	G_PA14_45380	optimal	1.5908505726730175
./model.xml	obj	G_PA14_45930	optimal	1.5908505726730306
./model.xml	obj	G_PA14_45940	optimal	1.5908505726730062
./model.xml	obj	G_PA14_45970	optimal	1.5908505726730169
./model.xml	obj	G_PA14_46070	optimal	1.5908505726730091
./model.xml	obj	G_PA14_46100	optimal	1.5908505726730102
./model.xml	obj	G_PA14_46110	optimal	1.5908505726730164
./model.xml	obj	G_PA14_46240	optimal	1.5908505726730169
./model.xml	obj	G_PA14_46470	optimal	1.5908505726730122
./model.xml	obj	G_PA14_46490	optimal	1.5908505726730071
./model.xml	obj	G_PA14_46700	optimal	1.5908505726730215
./model.xml	obj	G_PA14_46910	optimal	1.583705039637613
./model.xml	obj	G_PA14_46920	optimal	1.583705039637613
./model.xml	obj	G_PA14_46930	optimal	1.583705039637613
./model.xml	obj	G_PA14_46950	optimal	1.583705039637613
./model.xml	obj	G_PA14_46960	optimal	1.5908505726730091
./model.xml	obj	G_PA14_46970	optimal	1.590850572673028
./model.xml	obj	G_PA14_47060	optimal	1.590850572673017
./model.xml	obj	G_PA14_47100	optimal	1.5908505726730273
./model.xml	obj	G_PA14_47150	optimal	1.5908505726730349
./model.xml	obj	G_PA14_47160	optimal	1.5908505726730349
./model.xml	obj	G_PA14_47180	optimal	1.5908505726730349
./model.xml	obj	G_PA14_47190	optimal	1.5908505726730349
./model.xml	obj	G_PA14_47210	optimal	1.5908505726730349
./model.xml	obj	G_PA14_47280	optimal	1.590850572694206
./model.xml	obj	G_PA14_47300	optimal	1.5908505726730349
./model.xml	obj	G_PA14_47430	optimal	1.5908505726730175
./model.xml	obj	G_PA14_47490	optimal	1.5908505726730062
./model.xml	obj	G_PA14_47500	optimal	1.5908505726730298
./model.xml	obj	G_PA14_47540	optimal	1.5908505726730204
./model.xml	obj	G_PA14_47550	optimal	1.5908505726730091
./model.xml	obj	G_PA14_47650	optimal	1.5908505726730298
./model.xml	obj	G_PA14_47660	optimal	1.5908505726730298
./model.xml	obj	G_PA14_47670	optimal	1.5908505726730298
./model.xml	obj	G_PA14_47680	optimal	1.5908505726730298
./model.xml	obj	G_PA14_47690	optimal	1.5908505726730298
./model.xml	obj	G_PA14_47720	optimal	1.5908505726730224
./model.xml	obj	G_PA14_47730	optimal	1.5908505726730224
./model.xml	obj	G_PA14_47750	optimal	1.5908505726730298
./model.xml	obj	G_PA14_47760	optimal	1.5908505726730298
./model.xml	obj	G_PA14_47790	optimal	1.5908505726730298
./model.xml	obj	G_PA14_47800	optimal	1.5908505726730298
./model.xml	obj	G_PA14_47850	optimal	1.590850572673052
./model.xml	obj	G_PA14_48020	optimal	1.5908505726730104
./model.xml	obj	G_PA14_48470	optimal	1.5908505726730169
./model.xml	obj	G_PA14_48520	optimal	1.5908505726730147
./model.xml	obj	G_PA14_48570	optimal	1.5908505726730224
./model.xml	obj	G_PA14_48600	optimal	1.5908505726730349
./model.xml	obj	G_PA14_48700	optimal	1.5908505726730222
./model.xml	obj	G_PA14_48810	optimal	1.5908505726933424
./model.xml	obj	G_PA14_48850	optimal	1.59085057267304
./model.xml	obj	G_PA14_49130	optimal	1.590850572673004
./model.xml	obj	G_PA14_49160	optimal	1.5908505726730306
./model.xml	obj	G_PA14_49210	optimal	1.5908505726730306
./model.xml	obj	G_PA14_49220	optimal	1.5908505726730306
./model.xml	obj	G_PA14_49230	optimal	1.5908505726730306
./model.xml	obj	G_PA14_49250	optimal	1.5908505726730306
./model.xml	obj	G_PA14_49260	optimal	1.5908505726730306
./model.xml	obj	G_PA14_49270	optimal	1.5908505726730306
./model.xml	obj	G_PA14_49340	optimal	1.5908505726730169
./model.xml	obj	G_PA14_49380	optimal	0.0
./model.xml	obj	G_PA14_49460	optimal	1.590850572673018
./model.xml	obj	G_PA14_49470	optimal	1.590850572673018
./model.xml	obj	G_PA14_49760	optimal	1.5908505726730087
./model.xml	obj	G_PA14_49820	optimal	1.5908505726933424
./model.xml	obj	G_PA14_49840	optimal	1.5908505726730169
./model.xml	obj	G_PA14_49870	optimal	1.5908505726730062
./model.xml	obj	G_PA14_49890	optimal	1.5908505726730306
./model.xml	obj	G_PA14_49970	optimal	1.5908505726730193
./model.xml	obj	G_PA14_50060	optimal	1.5908505726730306
./model.xml	obj	G_PA14_50520	optimal	1.5908505726730215
./model.xml	obj	G_PA14_50530	optimal	1.5908505726730215
./model.xml	obj	G_PA14_50540	optimal	1.5908505726730215
./model.xml	obj	G_PA14_50550	optimal	1.5908505726730215
./model.xml	obj	G_PA14_50560	optimal	1.5908505726730215
./model.xml	obj	G_PA14_50660	optimal	1.5908505726730369
./model.xml	obj	G_PA14_50680	optimal	1.5908505726730222
./model.xml	obj	G_PA14_50690	optimal	1.5908505726730222
./model.xml	obj	G_PA14_50700	optimal	1.590850572672988
./model.xml	obj	G_PA14_50710	optimal	1.5908505726730222
./model.xml	obj	G_PA14_50720	optimal	1.590850572672988
./model.xml	obj	G_PA14_50730	optimal	1.5908505726730222
./model.xml	obj	G_PA14_50760	optimal	1.5908505726730193
./model.xml	obj	G_PA14_50800	optimal	1.5908505726730122
./model.xml	obj	G_PA14_51040	optimal	1.590850572673052
./model.xml	obj	G_PA14_51050	optimal	1.5908505726730207
./model.xml	obj	G_PA14_51150	optimal	1.5908505726730087
./model.xml	obj	G_PA14_51240	optimal	8.048316428820584e-14
./model.xml	obj	G_PA14_51270	optimal	0.0
./model.xml	obj	G_PA14_51290	optimal	1.590850572673017
./model.xml	obj	G_PA14_51330	optimal	1.5908505726730173
./model.xml	obj	G_PA14_51350	optimal	1.5908505726730222
./model.xml	obj	G_PA14_51360	optimal	1.5908505726730018
./model.xml	obj	G_PA14_51390	optimal	1.590850572673004
./model.xml	obj	G_PA14_51410	optimal	1.5908505726730187
./model.xml	obj	G_PA14_51420	optimal	1.5908505726730187
./model.xml	obj	G_PA14_51430	optimal	1.5908505726730187
./model.xml	obj	G_PA14_51670	optimal	1.5908505726730349
./model.xml	obj	G_PA14_51680	optimal	1.5908505726730349
./model.xml	obj	G_PA14_51740	optimal	1.5908505726730047
./model.xml	obj	G_PA14_51880	optimal	1.5531995189536596
./model.xml	obj	G_PA14_51920	optimal	1.5908505726730222
./model.xml	obj	G_PA14_51980	optimal	1.5908505726730084
./model.xml	obj	G_PA14_52040	optimal	8.015804546693784e-14
./model.xml	obj	G_PA14_52050	optimal	1.590850572673004
./model.xml	obj	G_PA14_52150	optimal	1.5908505726730193
./model.xml	obj	G_PA14_52160	optimal	1.590850572672991
./model.xml	obj	G_PA14_52180	optimal	1.5908505726730091
./model.xml	obj	G_PA14_52210	optimal	1.5908505726730215
./model.xml	obj	G_PA14_52230	optimal	1.5908505726729834
./model.xml	obj	G_PA14_52270	optimal	1.5908505726730222
./model.xml	obj	G_PA14_52400	optimal	1.5908505726730084
./model.xml	obj	G_PA14_52460	optimal	1.5908505726730147
./model.xml	obj	G_PA14_52580	optimal	0.0
./model.xml	obj	G_PA14_52610	optimal	1.5908505726730258
./model.xml	obj	G_PA14_52630	optimal	1.5908505726730273
./model.xml	obj	G_PA14_52660	optimal	1.5908505726730282
./model.xml	obj	G_PA14_52670	optimal	1.5908505726730273
./model.xml	obj	G_PA14_52690	optimal	1.590850572673017
./model.xml	obj	G_PA14_52700	optimal	1.590850572673017
./model.xml	obj	G_PA14_52720	optimal	1.590850572673004
./model.xml	obj	G_PA14_52750	optimal	1.5908505726730202
./model.xml	obj	G_PA14_52770	optimal	1.5908505726730222
./model.xml	obj	G_PA14_52780	optimal	1.5908505726730222
./model.xml	obj	G_PA14_52790	optimal	1.5908505726730222
./model.xml	obj	G_PA14_52800	optimal	1.590850572673004
./model.xml	obj	G_PA14_52810	optimal	1.4215168632110238
./model.xml	obj	G_PA14_52820	optimal	1.4215168632110238
./model.xml	obj	G_PA14_52840	optimal	1.4215168632110238
./model.xml	obj	G_PA14_52850	optimal	1.4215168632110244
./model.xml	obj	G_PA14_52870	optimal	1.4215168632110238
./model.xml	obj	G_PA14_52900	optimal	1.5908505726730102
./model.xml	obj	G_PA14_52910	optimal	1.4215168632110238
./model.xml	obj	G_PA14_52990	optimal	1.5908505726730175
./model.xml	obj	G_PA14_53000	optimal	1.5908505726730235
./model.xml	obj	G_PA14_53010	optimal	1.5908505726730169
./model.xml	obj	G_PA14_53020	optimal	1.590850572673052
./model.xml	obj	G_PA14_53050	optimal	1.5908505726730175
./model.xml	obj	G_PA14_53070	optimal	1.5908505726730104
./model.xml	obj	G_PA14_53140	optimal	1.5908505726730306
./model.xml	obj	G_PA14_53220	optimal	1.5908505726729987
./model.xml	obj	G_PA14_53260	optimal	1.5908505726730273
./model.xml	obj	G_PA14_53290	optimal	1.590850572673076
./model.xml	obj	G_PA14_53300	optimal	1.5908505726730306
./model.xml	obj	G_PA14_53420	optimal	1.5908505726730091
./model.xml	obj	G_PA14_53470	optimal	1.5900621805856172
./model.xml	obj	G_PA14_53480	optimal	1.590062180585628
./model.xml	obj	G_PA14_53800	optimal	1.590850572694206
./model.xml	obj	G_PA14_53850	optimal	1.5908505726730258
./model.xml	obj	G_PA14_53940	optimal	1.590850572673052
./model.xml	obj	G_PA14_53950	optimal	1.590850572673052
./model.xml	obj	G_PA14_53970	optimal	1.5908505726730147
./model.xml	obj	G_PA14_54000	optimal	1.590850572673052
./model.xml	obj	G_PA14_54040	optimal	1.5908505726730164
./model.xml	obj	G_PA14_54150	optimal	1.5908505726730306
./model.xml	obj	G_PA14_54170	optimal	1.590850572673012
./model.xml	obj	G_PA14_54290	optimal	1.5908505726730122
./model.xml	obj	G_PA14_54450	optimal	1.590850572673017
./model.xml	obj	G_PA14_54520	optimal	1.590850572673004
./model.xml	obj	G_PA14_54540	optimal	1.5908505726730306
./model.xml	obj	G_PA14_54550	optimal	1.5908505726730306
./model.xml	obj	G_PA14_54570	optimal	1.5908505726730306
./model.xml	obj	G_PA14_54620	optimal	1.5908505726730198
./model.xml	obj	G_PA14_54630	optimal	1.5908505726730306
./model.xml	obj	G_PA14_54640	optimal	1.5908505726730349
./model.xml	obj	G_PA14_54670	optimal	1.5908505726933424
./model.xml	obj	G_PA14_54830	optimal	1.5908505726730104
./model.xml	obj	G_PA14_54880	optimal	1.5908505726730273
./model.xml	obj	G_PA14_55000	optimal	1.5908505726730306
./model.xml	obj	G_PA14_55020	optimal	1.5908505726730047
./model.xml	obj	G_PA14_55030	optimal	1.5908505726730047
./model.xml	obj	G_PA14_55040	optimal	1.5908505726730306
./model.xml	obj	G_PA14_55130	optimal	1.5908505726730193
./model.xml	obj	G_PA14_55740	optimal	1.5908505726730091
./model.xml	obj	G_PA14_55770	optimal	1.5908505726730175
./model.xml	obj	G_PA14_56060	optimal	1.5908505726729987
./model.xml	obj	G_PA14_56240	optimal	1.5908505726730173
./model.xml	obj	G_PA14_56250	optimal	1.5908505726730349
./model.xml	obj	G_PA14_56280	optimal	1.5908505726730306
./model.xml	obj	G_PA14_56300	optimal	1.5908505726729987
./model.xml	obj	G_PA14_56340	optimal	1.5908505726730198
./model.xml	obj	G_PA14_56470	optimal	1.5908505726730091
./model.xml	obj	G_PA14_56570	optimal	1.5908505726730349
./model.xml	obj	G_PA14_56600	optimal	1.5908505726730047
./model.xml	obj	G_PA14_56680	optimal	1.5908505726730047
./model.xml	obj	G_PA14_56770	optimal	1.59085057267304
./model.xml	obj	G_PA14_56780	optimal	1.5908505726730298
./model.xml	obj	G_PA14_56790	optimal	1.5908505726730175
./model.xml	obj	G_PA14_56900	optimal	1.5908505726730298
./model.xml	obj	G_PA14_57100	optimal	1.59085057267301
./model.xml	obj	G_PA14_57160	optimal	1.5908505726730153
./model.xml	obj	G_PA14_57210	optimal	1.590850572673004
./model.xml	obj	G_PA14_57260	optimal	0.0
./model.xml	obj	G_PA14_57320	optimal	1.5908505726730258
./model.xml	obj	G_PA14_57330	optimal	0.0
./model.xml	obj	G_PA14_57340	optimal	0.0
./model.xml	obj	G_PA14_57360	optimal	1.5908505726933424
./model.xml	obj	G_PA14_57370	optimal	0.0
./model.xml	obj	G_PA14_57380	optimal	0.0
./model.xml	obj	G_PA14_57390	optimal	0.0
./model.xml	obj	G_PA14_57410	optimal	0.0
./model.xml	obj	G_PA14_57425	optimal	1.590850572673052
./model.xml	obj	G_PA14_57500	optimal	0.0
./model.xml	obj	G_PA14_57540	optimal	1.1361513705108417
./model.xml	obj	G_PA14_57560	optimal	1.1361513705108417
./model.xml	obj	G_PA14_57570	optimal	1.1361513705108417
./model.xml	obj	G_PA14_57670	optimal	1.5908505726730102
./model.xml	obj	G_PA14_57710	optimal	-5.014985822909775e-13
./model.xml	obj	G_PA14_57720	optimal	-5.014985822909775e-13
./model.xml	obj	G_PA14_57730	optimal	1.5908505726730147
./model.xml	obj	G_PA14_57770	optimal	1.5908505726730215
./model.xml	obj	G_PA14_57780	optimal	1.5908505726730084
./model.xml	obj	G_PA14_57800	optimal	1.590850572673017
./model.xml	obj	G_PA14_57810	optimal	0.0
./model.xml	obj	G_PA14_57850	optimal	1.5908505726730204
./model.xml	obj	G_PA14_57870	optimal	1.5908505726730204
./model.xml	obj	G_PA14_57880	optimal	1.5908505726730091
./model.xml	obj	G_PA14_57890	optimal	-2.687145960123844e-15
./model.xml	obj	G_PA14_57900	optimal	7.21057265251139e-14
./model.xml	obj	G_PA14_57920	optimal	1.5908505726730204
./model.xml	obj	G_PA14_57930	optimal	1.5908505726730204
./model.xml	obj	G_PA14_57980	optimal	1.590850572673004
./model.xml	obj	G_PA14_57990	optimal	1.5908505726730175
./model.xml	obj	G_PA14_58000	optimal	1.5908505726730298
./model.xml	obj	G_PA14_58030	optimal	1.5908505726729987
./model.xml	obj	G_PA14_58110	optimal	1.5908505726730306
./model.xml	obj	G_PA14_58220	optimal	1.5908505726730224
./model.xml	obj	G_PA14_58350	optimal	1.5908505726730258
./model.xml	obj	G_PA14_58375	optimal	1.5908505726730204
./model.xml	obj	G_PA14_58410	optimal	1.5684283511240138
./model.xml	obj	G_PA14_58420	optimal	1.5908505726730349
./model.xml	obj	G_PA14_58440	optimal	1.5908505726730258
./model.xml	obj	G_PA14_58450	optimal	1.5908505726730258
./model.xml	obj	G_PA14_58470	optimal	1.5908505726730258
./model.xml	obj	G_PA14_58490	optimal	1.5908505726730258
./model.xml	obj	G_PA14_58550	optimal	1.5908505726730193
./model.xml	obj	G_PA14_58560	optimal	1.5908505726730293
./model.xml	obj	G_PA14_58570	optimal	1.5908505726730047
./model.xml	obj	G_PA14_58630	optimal	1.5894763767790483
./model.xml	obj	G_PA14_58670	optimal	1.59085057267301
./model.xml	obj	G_PA14_58700	optimal	1.590850572672991
./model.xml	obj	G_PA14_58780	optimal	4.997665128208027e-11
./model.xml	obj	G_PA14_58870	optimal	1.590850572672988
./model.xml	obj	G_PA14_60120	optimal	1.5908505726730349
./model.xml	obj	G_PA14_60270	optimal	-1.4618222581654314e-12
./model.xml	obj	G_PA14_60330	optimal	-7.216329906317357e-16
./model.xml	obj	G_PA14_60380	optimal	1.5908505726729987
./model.xml	obj	G_PA14_60390	optimal	1.5908505726730198
./model.xml	obj	G_PA14_60420	optimal	1.5908505726730284
./model.xml	obj	G_PA14_60470	optimal	0.0
./model.xml	obj	G_PA14_60700	optimal	1.5908505726730187
./model.xml	obj	G_PA14_60710	optimal	1.590850572673028
./model.xml	obj	G_PA14_60730	optimal	1.5908505726730204
./model.xml	obj	G_PA14_60870	optimal	1.5908505726730306
./model.xml	obj	G_PA14_60890	optimal	1.590850572673012
./model.xml	obj	G_PA14_61040	optimal	1.590850572694206
./model.xml	obj	G_PA14_61060	optimal	0.0
./model.xml	obj	G_PA14_61170	optimal	1.5908505726730047
./model.xml	obj	G_PA14_61210	optimal	1.5908505726730084
./model.xml	obj	G_PA14_61250	optimal	1.5858254704402008
./model.xml	obj	G_PA14_61400	optimal	1.590850572673052
./model.xml	obj	G_PA14_61460	optimal	1.5908505726730091
./model.xml	obj	G_PA14_61470	optimal	1.5908505726730187
./model.xml	obj	G_PA14_61480	optimal	1.5908505726951587
./model.xml	obj	G_PA14_61580	optimal	1.5908505726730047
./model.xml	obj	G_PA14_61660	optimal	0.0
./model.xml	obj	G_PA14_61670	optimal	1.5908505726730198
./model.xml	obj	G_PA14_61710	optimal	1.5908505726730193
./model.xml	obj	G_PA14_61750	optimal	0.0
./model.xml	obj	G_PA14_61770	optimal	1.5908505726730164
./model.xml	obj	G_PA14_61860	optimal	1.5908505726730084
./model.xml	obj	G_PA14_62000	optimal	1.5908505726730047
./model.xml	obj	G_PA14_62010	optimal	1.5908505726730047
./model.xml	obj	G_PA14_62120	optimal	0.0
./model.xml	obj	G_PA14_62130	optimal	1.5779306570758003
./model.xml	obj	G_PA14_62150	optimal	1.590850572673004
./model.xml	obj	G_PA14_62160	optimal	1.590850572673004
./model.xml	obj	G_PA14_62200	optimal	1.590850572673052
./model.xml	obj	G_PA14_62280	optimal	1.5908505726730298
./model.xml	obj	G_PA14_62290	optimal	1.5908505726730298
./model.xml	obj	G_PA14_62400	optimal	1.5908505726730306
./model.xml	obj	G_PA14_62440	optimal	1.590850572673016
./model.xml	obj	G_PA14_62480	optimal	1.5908505726730349
./model.xml	obj	G_PA14_62570	optimal	1.5908505726730215
./model.xml	obj	G_PA14_62580	optimal	1.5908505726730198
./model.xml	obj	G_PA14_62590	optimal	0.0
./model.xml	obj	G_PA14_62600	optimal	1.59085057267304
./model.xml	obj	G_PA14_62620	optimal	1.5709505174714211
./model.xml	obj	G_PA14_62630	optimal	1.5908505726730349
./model.xml	obj	G_PA14_62830	optimal	-1.1649058921141463e-13
./model.xml	obj	G_PA14_62840	optimal	1.7723899631517709e-15
./model.xml	obj	G_PA14_62850	optimal	0.0
./model.xml	obj	G_PA14_62910	optimal	1.5908505726730082
./model.xml	obj	G_PA14_62930	optimal	1.5908505726730182
./model.xml	obj	G_PA14_62940	optimal	0.0
./model.xml	obj	G_PA14_63080	optimal	1.5908505726730107
./model.xml	obj	G_PA14_63090	optimal	1.5908505726730222
./model.xml	obj	G_PA14_63110	optimal	1.5908505726730247
./model.xml	obj	G_PA14_63120	optimal	1.5908505726730306
./model.xml	obj	G_PA14_63190	optimal	1.5908505726730369
./model.xml	obj	G_PA14_63250	optimal	1.5908505726730207
./model.xml	obj	G_PA14_63330	optimal	1.5908505726730091
./model.xml	obj	G_PA14_63550	optimal	1.5908505726730062
./model.xml	obj	G_PA14_63570	optimal	1.5908505726730204
./model.xml	obj	G_PA14_63580	optimal	1.5908505726730204
./model.xml	obj	G_PA14_63605	optimal	1.5908505726730047
./model.xml	obj	G_PA14_63640	optimal	1.5908505726730062
./model.xml	obj	G_PA14_63800	optimal	1.5908505726730147
./model.xml	obj	G_PA14_63850	optimal	1.5908505726730124
./model.xml	obj	G_PA14_63990	optimal	1.5908505726730222
./model.xml	obj	G_PA14_64010	optimal	1.5908505726730209
./model.xml	obj	G_PA14_64090	optimal	1.5908505726730107
./model.xml	obj	G_PA14_64100	optimal	-1.365171504873443e-16
./model.xml	obj	G_PA14_64110	optimal	-1.365171504873443e-16
./model.xml	obj	G_PA14_64200	optimal	3.2457525308900447e-13
./model.xml	obj	G_PA14_64220	optimal	1.1552531937490397e-13
./model.xml	obj	G_PA14_64270	optimal	1.5908505726951587
./model.xml	obj	G_PA14_64280	optimal	1.5908505726730258
./model.xml	obj	G_PA14_64290	optimal	1.5908505726951587
./model.xml	obj	G_PA14_64300	optimal	1.5908505726951587
./model.xml	obj	G_PA14_64310	optimal	1.5908505726951587
./model.xml	obj	G_PA14_64335	optimal	1.5908505726951587
./model.xml	obj	G_PA14_64350	optimal	1.5908505726951587
./model.xml	obj	G_PA14_64370	optimal	1.5908505726951587
./model.xml	obj	G_PA14_64390	optimal	1.5908505726951587
./model.xml	obj	G_PA14_64440	optimal	1.590850572673052
./model.xml	obj	G_PA14_64650	optimal	1.5908505726951587
./model.xml	obj	G_PA14_64660	optimal	1.5908505726951587
./model.xml	obj	G_PA14_64670	optimal	1.5908505726951587
./model.xml	obj	G_PA14_64680	optimal	1.5908505726730306
./model.xml	obj	G_PA14_64720	optimal	1.5908505726730306
./model.xml	obj	G_PA14_64740	optimal	1.5908505726730207
./model.xml	obj	G_PA14_64750	optimal	1.590850572673035
./model.xml	obj	G_PA14_64790	optimal	1.5908505726851185
./model.xml	obj	G_PA14_64800	optimal	1.5908505726851185
./model.xml	obj	G_PA14_64810	optimal	1.5908505726851185
./model.xml	obj	G_PA14_64840	optimal	1.590850572673017
./model.xml	obj	G_PA14_64850	optimal	1.5908505726729945
./model.xml	obj	G_PA14_64860	optimal	1.5908505726730215
./model.xml	obj	G_PA14_64870	optimal	1.5908505726730215
./model.xml	obj	G_PA14_64880	optimal	1.5908505726730215
./model.xml	obj	G_PA14_64890	optimal	1.5908505726730215
./model.xml	obj	G_PA14_64900	optimal	1.5908505726730215
./model.xml	obj	G_PA14_64950	optimal	1.590850572672991
./model.xml	obj	G_PA14_64960	optimal	1.590850572672988
./model.xml	obj	G_PA14_64980	optimal	1.590850572672988
./model.xml	obj	G_PA14_65040	optimal	1.5908505726730169
./model.xml	obj	G_PA14_65110	optimal	1.5908505726730258
./model.xml	obj	G_PA14_65230	optimal	1.1779936395869532e-13
./model.xml	obj	G_PA14_65250	optimal	1.5908505726730349
./model.xml	obj	G_PA14_65370	optimal	1.59085057267301
./model.xml	obj	G_PA14_65400	optimal	1.5908505726730349
./model.xml	obj	G_PA14_65420	optimal	1.590850572672991
./model.xml	obj	G_PA14_65480	optimal	1.5908505726730298
./model.xml	obj	G_PA14_65500	optimal	0.0
./model.xml	obj	G_PA14_65560	optimal	1.5908505726730156
./model.xml	obj	G_PA14_65690	optimal	1.5908505726730124
./model.xml	obj	G_PA14_65740	optimal	0.0
./model.xml	obj	G_PA14_65750	optimal	1.5908505726730091
./model.xml	obj	G_PA14_65760	optimal	1.5908505726730204
./model.xml	obj	G_PA14_65770	optimal	1.59085057267304
./model.xml	obj	G_PA14_65795	optimal	1.5908505726730306
./model.xml	obj	G_PA14_65840	optimal	1.5908505726711977
./model.xml	obj	G_PA14_65850	optimal	1.59085057267304
./model.xml	obj	G_PA14_65960	optimal	7.21057265251139e-14
./model.xml	obj	G_PA14_66060	optimal	0.0
./model.xml	obj	G_PA14_66080	optimal	1.5908505726730122
./model.xml	obj	G_PA14_66210	optimal	0.0
./model.xml	obj	G_PA14_66220	optimal	0.0
./model.xml	obj	G_PA14_66230	optimal	0.0
./model.xml	obj	G_PA14_66240	optimal	0.0
./model.xml	obj	G_PA14_66250	optimal	0.0
./model.xml	obj	G_PA14_66260	optimal	1.5779315488076848
./model.xml	obj	G_PA14_66290	optimal	1.5908505726730306
./model.xml	obj	G_PA14_66310	optimal	1.5640767600503247
./model.xml	obj	G_PA14_66330	optimal	1.5908505726730147
./model.xml	obj	G_PA14_66350	optimal	1.5908505726730349
./model.xml	obj	G_PA14_66380	optimal	1.590850572672988
./model.xml	obj	G_PA14_66440	optimal	1.5908505726730557
./model.xml	obj	G_PA14_66550	optimal	1.5908505726730382
./model.xml	obj	G_PA14_66560	optimal	1.590850572673001
./model.xml	obj	G_PA14_66570	optimal	1.5908505726730198
./model.xml	obj	G_PA14_66600	optimal	6.185425633987066e-16
./model.xml	obj	G_PA14_66610	optimal	0.0
./model.xml	obj	G_PA14_66670	optimal	1.590850572673052
./model.xml	obj	G_PA14_66680	optimal	1.5908505726730298
./model.xml	obj	G_PA14_66750	optimal	1.5908505726730102
./model.xml	obj	G_PA14_66820	optimal	1.5908505726730169
./model.xml	obj	G_PA14_66840	optimal	1.5908505726730169
./model.xml	obj	G_PA14_66900	optimal	0.0
./model.xml	obj	G_PA14_66920	optimal	1.5908394780804709
./model.xml	obj	G_PA14_66940	optimal	1.5908505726730178
./model.xml	obj	G_PA14_66950	optimal	1.590850572673019
./model.xml	obj	G_PA14_67030	optimal	1.5908505726730169
./model.xml	obj	G_PA14_67040	optimal	1.5908505726730169
./model.xml	obj	G_PA14_67050	optimal	1.5908505726730169
./model.xml	obj	G_PA14_67150	optimal	1.5908505726730182
./model.xml	obj	G_PA14_67240	optimal	1.5908505726730306
./model.xml	obj	G_PA14_67250	optimal	1.5908505726730224
./model.xml	obj	G_PA14_67260	optimal	1.5908505726730084
./model.xml	obj	G_PA14_67270	optimal	1.5908505726730091
./model.xml	obj	G_PA14_67280	optimal	1.5908505726730091
./model.xml	obj	G_PA14_67300	optimal	1.5908505726730091
./model.xml	obj	G_PA14_67310	optimal	1.5908505726730169
./model.xml	obj	G_PA14_67320	optimal	1.5908505726730084
./model.xml	obj	G_PA14_67340	optimal	1.5908505726730247
./model.xml	obj	G_PA14_67350	optimal	1.5908505726951587
./model.xml	obj	G_PA14_67400	optimal	1.5908505726730091
./model.xml	obj	G_PA14_67440	optimal	1.5908505726730306
./model.xml	obj	G_PA14_67490	optimal	1.5908505726730047
./model.xml	obj	G_PA14_67500	optimal	1.5908505726730222
./model.xml	obj	G_PA14_67510	optimal	1.5908505726730349
./model.xml	obj	G_PA14_67580	optimal	0.0
./model.xml	obj	G_PA14_67600	optimal	-2.7583440320435736e-15
./model.xml	obj	G_PA14_67630	optimal	1.5908505726730169
./model.xml	obj	G_PA14_67740	optimal	1.5908505726730091
./model.xml	obj	G_PA14_67770	optimal	1.5615769965332922
./model.xml	obj	G_PA14_67880	optimal	1.5908505726730215
./model.xml	obj	G_PA14_67890	optimal	1.5908505726730164
./model.xml	obj	G_PA14_67920	optimal	1.5908505726730215
./model.xml	obj	G_PA14_67930	optimal	1.5908505726730215
./model.xml	obj	G_PA14_67970	optimal	1.5908505726730062
./model.xml	obj	G_PA14_68060	optimal	1.5908505726730202
./model.xml	obj	G_PA14_68070	optimal	1.590850572673052
./model.xml	obj	G_PA14_68080	optimal	1.590850572673052
./model.xml	obj	G_PA14_68090	optimal	1.590850572673052
./model.xml	obj	G_PA14_68170	optimal	0.0
./model.xml	obj	G_PA14_68190	optimal	1.5908505726730084
./model.xml	obj	G_PA14_68200	optimal	0.0
./model.xml	obj	G_PA14_68210	optimal	0.0
./model.xml	obj	G_PA14_68260	optimal	1.5908505726730087
./model.xml	obj	G_PA14_68280	optimal	1.5908505726730087
./model.xml	obj	G_PA14_68290	optimal	1.5908505726730087
./model.xml	obj	G_PA14_68300	optimal	1.59085057267304
./model.xml	obj	G_PA14_68330	optimal	1.585457435374463
./model.xml	obj	G_PA14_68340	optimal	1.585457435374412
./model.xml	obj	G_PA14_68350	optimal	1.5858492541596927
./model.xml	obj	G_PA14_68360	optimal	1.5908505726730349
./model.xml	obj	G_PA14_68370	optimal	1.590850572673035
./model.xml	obj	G_PA14_68390	optimal	1.5908505726933424
./model.xml	obj	G_PA14_68510	optimal	1.5908505726730102
./model.xml	obj	G_PA14_68530	optimal	1.5908505726711977
./model.xml	obj	G_PA14_68580	optimal	1.5908505726730309
./model.xml	obj	G_PA14_68670	optimal	1.5908505726730118
./model.xml	obj	G_PA14_68730	optimal	1.5908505726730284
./model.xml	obj	G_PA14_68740	optimal	1.590850572673004
./model.xml	obj	G_PA14_68770	optimal	1.590850572673004
./model.xml	obj	G_PA14_68780	optimal	1.5908505726730169
./model.xml	obj	G_PA14_68850	optimal	1.5908505726730204
./model.xml	obj	G_PA14_68860	optimal	1.5908505726730204
./model.xml	obj	G_PA14_68870	optimal	1.5908505726730204
./model.xml	obj	G_PA14_68890	optimal	1.5908505726730047
./model.xml	obj	G_PA14_68900	optimal	1.5908505726730047
./model.xml	obj	G_PA14_68955	optimal	1.5908505726730202
./model.xml	obj	G_PA14_68980	optimal	1.5908394780573583
./model.xml	obj	G_PA14_69130	optimal	1.5908505726730193
./model.xml	obj	G_PA14_69150	optimal	1.5908505726729945
./model.xml	obj	G_PA14_69170	optimal	1.5908505726730062
./model.xml	obj	G_PA14_69200	optimal	1.5900335025078998
./model.xml	obj	G_PA14_69220	optimal	1.5908505726730091
./model.xml	obj	G_PA14_69230	optimal	1.5908505726730309
./model.xml	obj	G_PA14_69240	optimal	1.5908505726730306
./model.xml	obj	G_PA14_69300	optimal	1.5908410629929917
./model.xml	obj	G_PA14_69310	optimal	1.5908505726730215
./model.xml	obj	G_PA14_69420	optimal	1.5908505726933424
./model.xml	obj	G_PA14_69430	optimal	1.5908505726730382
./model.xml	obj	G_PA14_69440	optimal	1.5908505726730382
./model.xml	obj	G_PA14_69450	optimal	1.5908505726730222
./model.xml	obj	G_PA14_69500	optimal	1.59085057267304
./model.xml	obj	G_PA14_69570	optimal	1.5908505726730091
./model.xml	obj	G_PA14_69610	optimal	1.5908505726730247
./model.xml	obj	G_PA14_69670	optimal	1.5908505726730184
./model.xml	obj	G_PA14_69690	optimal	0.0
./model.xml	obj	G_PA14_69795	optimal	1.590850572672991
./model.xml	obj	G_PA14_69850	optimal	1.590850572694206
./model.xml	obj	G_PA14_69925	optimal	1.5908505726649136
./model.xml	obj	G_PA14_69940	optimal	1.5908505726851185
./model.xml	obj	G_PA14_69990	optimal	1.5908505726730258
./model.xml	obj	G_PA14_70040	optimal	1.5908505726730182
./model.xml	obj	G_PA14_70100	optimal	1.5908505726730062
./model.xml	obj	G_PA14_70110	optimal	1.5908505726730091
./model.xml	obj	G_PA14_70140	optimal	1.590850572673004
./model.xml	obj	G_PA14_70240	optimal	0.0
./model.xml	obj	G_PA14_70260	optimal	5.864710296410506e-16
./model.xml	obj	G_PA14_70270	optimal	1.2458312124792032e-16
./model.xml	obj	G_PA14_70280	optimal	1.590850572673004
./model.xml	obj	G_PA14_70370	optimal	1.5908505726729945
./model.xml	obj	G_PA14_70440	optimal	0.0
./model.xml	obj	G_PA14_70470	optimal	1.5908505726730309
./model.xml	obj	G_PA14_70480	optimal	1.5908505726649136
./model.xml	obj	G_PA14_70620	optimal	1.5908505726730306
./model.xml	obj	G_PA14_70630	optimal	1.590850572672991
./model.xml	obj	G_PA14_70640	optimal	1.5908505726730306
./model.xml	obj	G_PA14_70670	optimal	1.5908505726730193
./model.xml	obj	G_PA14_70680	optimal	1.5908505726730193
./model.xml	obj	G_PA14_70690	optimal	1.5908505726730193
./model.xml	obj	G_PA14_70720	optimal	0.0
./model.xml	obj	G_PA14_70730	optimal	5.1545213616552486e-17
./model.xml	obj	G_PA14_70810	optimal	1.5908505726730175
./model.xml	obj	G_PA14_70830	optimal	1.5908505726730175
./model.xml	obj	G_PA14_70850	optimal	1.5908505726730175
./model.xml	obj	G_PA14_70860	optimal	1.5908505726730175
./model.xml	obj	G_PA14_70940	optimal	1.5908505726730215
./model.xml	obj	G_PA14_70950	optimal	1.590850572673035
./model.xml	obj	G_PA14_70980	optimal	1.5908505726730215
./model.xml	obj	G_PA14_71000	optimal	1.5908505726730193
./model.xml	obj	G_PA14_71020	optimal	1.5908505726730193
./model.xml	obj	G_PA14_71030	optimal	1.5908505726730193
./model.xml	obj	G_PA14_71060	optimal	1.5908505726730273
./model.xml	obj	G_PA14_71120	optimal	1.5908505726730306
./model.xml	obj	G_PA14_71140	optimal	1.5908505726730091
./model.xml	obj	G_PA14_71150	optimal	1.5908505726730306
./model.xml	obj	G_PA14_71160	optimal	1.5908505726730306
./model.xml	obj	G_PA14_71180	optimal	1.590850572673004
./model.xml	obj	G_PA14_71220	optimal	1.5908505726730091
./model.xml	obj	G_PA14_71240	optimal	1.5908505726730306
./model.xml	obj	G_PA14_71250	optimal	1.5908505726730306
./model.xml	obj	G_PA14_71260	optimal	1.5908505726730306
./model.xml	obj	G_PA14_71280	optimal	1.5908505726730306
./model.xml	obj	G_PA14_71410	optimal	1.5908505726730306
./model.xml	obj	G_PA14_71420	optimal	1.5908505726730306
./model.xml	obj	G_PA14_71440	optimal	1.590850572673017
./model.xml	obj	G_PA14_71460	optimal	1.590850572694206
./model.xml	obj	G_PA14_71470	optimal	1.5908505726729834
./model.xml	obj	G_PA14_71490	optimal	1.5908505726729834
./model.xml	obj	G_PA14_71500	optimal	1.5908505726729834
./model.xml	obj	G_PA14_71510	optimal	1.5908505726729834
./model.xml	obj	G_PA14_71530	optimal	1.5908505726729987
./model.xml	obj	G_PA14_71560	optimal	1.5908505726730169
./model.xml	obj	G_PA14_71600	optimal	3.2457525308900447e-13
./model.xml	obj	G_PA14_71620	optimal	3.2457525308900447e-13
./model.xml	obj	G_PA14_71630	optimal	1.5908505726730258
./model.xml	obj	G_PA14_71650	optimal	1.590850572673017
./model.xml	obj	G_PA14_71710	optimal	1.5804390158345571
./model.xml	obj	G_PA14_71720	optimal	1.590850572672991
./model.xml	obj	G_PA14_71740	optimal	1.5908505726730124
./model.xml	obj	G_PA14_71800	optimal	1.5908505726730022
./model.xml	obj	G_PA14_71910	optimal	1.5908505726730087
./model.xml	obj	G_PA14_71920	optimal	1.5908505726730062
./model.xml	obj	G_PA14_71930	optimal	1.5908505726730087
./model.xml	obj	G_PA14_71940	optimal	1.5908505726730062
./model.xml	obj	G_PA14_71960	optimal	1.5908505726730062
./model.xml	obj	G_PA14_71970	optimal	1.590850572673052
./model.xml	obj	G_PA14_71990	optimal	1.5908505726730298
./model.xml	obj	G_PA14_72000	optimal	1.5908505726730102
./model.xml	obj	G_PA14_72170	optimal	1.5908505726730091
./model.xml	obj	G_PA14_72230	optimal	1.5323746804956349
./model.xml	obj	G_PA14_72280	optimal	1.590850572694206
./model.xml	obj	G_PA14_72340	optimal	1.590850572673017
./model.xml	obj	G_PA14_72420	optimal	1.5908505726730306
./model.xml	obj	G_PA14_72460	optimal	1.1361513705108008
./model.xml	obj	G_PA14_72510	optimal	1.5908505726730215
./model.xml	obj	G_PA14_72550	optimal	1.5908505726851185
./model.xml	obj	G_PA14_72580	optimal	1.5908505726851185
./model.xml	obj	G_PA14_72590	optimal	1.5908505726851185
./model.xml	obj	G_PA14_72620	optimal	1.5908505726730306
./model.xml	obj	G_PA14_72630	optimal	1.5908505726730142
./model.xml	obj	G_PA14_72640	optimal	1.5908505726730142
./model.xml	obj	G_PA14_72660	optimal	1.590850572672991
./model.xml	obj	G_PA14_72780	optimal	1.5908505726730122
./model.xml	obj	G_PA14_72800	optimal	1.5908505726730222
./model.xml	obj	G_PA14_72870	optimal	1.5908505726730207
./model.xml	obj	G_PA14_72940	optimal	1.5908505726730222
./model.xml	obj	G_PA14_72960	optimal	1.5908505726730258
./model.xml	obj	G_PA14_72970	optimal	1.5908505726730047
./model.xml	obj	G_PA14_73050	optimal	1.5908505726730306
./model.xml	obj	G_PA14_73060	optimal	1.5908505726730084
./model.xml	obj	G_PA14_73070	optimal	1.590850572673025
./model.xml	obj	G_PA14_73170	optimal	0.0
./model.xml	obj	G_PA14_73220	optimal	0.0
./model.xml	obj	G_PA14_73230	optimal	0.31402700685582813
./model.xml	obj	G_PA14_73240	optimal	0.31402700685582813
./model.xml	obj	G_PA14_73250	optimal	0.31402700685582813
./model.xml	obj	G_PA14_73260	optimal	0.31402700685582813
./model.xml	obj	G_PA14_73280	optimal	0.31402700685582813
./model.xml	obj	G_PA14_73290	optimal	0.31402700685582813
./model.xml	obj	G_PA14_73300	optimal	0.31402700685582813
./model.xml	obj	G_PA14_73310	optimal	0.31402700685582813
./model.xml	obj	G_PA14_73320	optimal	0.31402700685582813
./model.xml	obj	G_PA_s0001	optimal	1.2053988011177296e-15
